,typesOrg,number,numberOrg
0,grand établissement | grande école,370,2
1,university,222,1
2,corporation | organization,221,2
3,learned society,200,1
4,open-access publisher | university,149,2
5,open-access publisher | public research university,126,2
6,faculty | open-access publisher | publishing company,126,3
7,organization,123,1
8,public university,109,1
9,archive,106,1
10,open-access publisher | public university,106,2
11,comprehensive university | public university,82,2
12,learned society | national academy,71,2
13,landesbetrieb | public university | university of applied sciences,62,3
14,comprehensive university | open-access publisher | public research university | university of excellence,53,4
15,philosophy faculty,53,1
16,academy of sciences,50,1
17,departmental archives,49,1
18,public university | university,49,2
19,university in france,49,1
20,historical society,45,1
21,educational institution | publishing company | research institute,44,3
22,art academy,43,1
23,educational institution | grand établissement,42,2
24,czech research institution | organization | public university | publishing company | university,41,5
25,gymnasium,41,1
26,open-access publisher | organization | public university,39,3
27,national archives | national library,39,2
28,national archives,37,1
29,municipal archive,36,1
30,academy | archive | publishing company,35,3
31,comprehensive university | local internet registry | public research university | public university | publishing company | university of excellence,34,6
32,voluntary association,33,1
33,comprehensive university | local internet registry | public university,33,3
34,campus university | university,31,2
35,public educational institution of the united states | public research university,30,2
36,comprehensive university | public research university | public university | university of excellence,30,4
37,faculty,29,1
38,database | learned society,29,2
39,faculty | faculty of law | research institute,29,3
40,organization | public university,29,2
41,comprehensive university | open-access publisher | public university | university of applied sciences,29,4
42,school,28,1
43,comprehensive university | open-access publisher | public university,28,3
44,medical check-up,27,1
45,academy of sciences | national academy | organization | public body,26,4
46,learned society | voluntary association,26,2
47,educational institution | examination board,25,2
48,former entity | university in france,25,2
49,higher education institution | public university | replaced entity | university,25,4
50,educational organization | open-access publisher | public university | publishing company,24,4
51,historical society | learned society | medical check-up,23,3
52,open-access publisher | public university | university,23,3
53,faculty of history,22,1
54,campus university | comprehensive university | medical check-up | public university | stiftungshochschule,21,5
55,colonial colleges | private not-for-profit educational institution | private university | research university,21,4
56,academy of sciences | national academy | swedish royal academies,21,3
57,educational institution,21,1
58,historical commission for eastern europe | learned society,21,2
59,museum,20,1
60,catalogue | national library | organization | publishing company,20,4
61,academy,20,1
62,open-access publisher | public research university | university in quebec,20,3
63,higher education institution,20,1
64,state archives,20,1
65,educational facility | educational institution,19,2
66,academy of sciences | collection | national academy,19,3
67,high school,18,1
68,ies,18,1
69,comprehensive university | local internet registry | open-access publisher | public university,18,4
70,organization | university,18,2
71,imperial university of the russian empire,18,1
72,institute,18,1
73,comprehensive university | open-access publisher | public research university | public university | university campus | university of excellence,17,6
74,academy of sciences | book publisher | organization,17,3
75,comprehensive university | open-access publisher | organization | public research university | public university | university of excellence,17,6
76,academy | national academy,17,2
77,catholic university,16,1
78,state archive,16,1
79,academy of sciences | national academy,16,2
80,burschenschaft,16,1
81,educational facility,16,1
82,professional association,16,1
83,academic publisher | open-access publisher | public university,15,3
84,public research university | university in quebec,15,2
85,organization | public research university,15,2
86,former educational institution | university in france,15,2
87,public research university,15,1
88,public educational institution of the united states | university,15,2
89,jesuit university | pontifical university,14,2
90,newspaper,14,1
91,open-access publisher | organization | public research institution in france | research institute,13,4
92,library,13,1
93,alumni association,13,1
94,catholic university | university,13,2
95,archive | national archives,13,2
96,studentenverbindung,13,1
97,college of the university of oxford | university building,13,2
98,research institute,12,1
99,historical society | organization,12,2
100,art academy | grande école | higher education institution | open-access publisher,12,4
101,comprehensive university | university,12,2
102,private not-for-profit educational institution | university,12,2
103,main library | national library | public library,12,3
104,charitable organization | learned society,11,2
105,academic publisher | colonial colleges | private not-for-profit educational institution | private university | production company | research university,11,6
106,higher education institution | organization,11,2
107,archive | university,11,2
108,german student corps,11,1
109,government agency,11,1
110,learned society | scientific society,11,2
111,academy of sciences | publishing company,11,2
112,association,11,1
113,open-access publisher | university in france,11,2
114,academic department,10,1
115,academy | language regulator | national academy | organization,10,4
116,historical archive,10,1
117,collection | comprehensive university | public university,10,3
118,cultural institution,10,1
119,academic library,10,1
120,paramilitary organization | political faction | political organization,9,3
121,periodical,9,1
122,czech research institution | open-access publisher | organization | public university | publishing company,9,5
123,academy of sciences | research institute,9,2
124,collegiate university | educational organization | exempt charity | higher education institution | public university,9,5
125,academy of sciences | building,9,2
126,public university | research institute,9,2
127,public educational institution of the united states | public university | research university,9,3
128,scientific society,9,1
129,private not-for-profit educational institution | private university | research university,9,3
130,educational institution | open-access publisher | organization | public university,9,4
131,former entity | higher education institution | public university | university,9,4
132,faculty | faculty of humanities,9,2
133,faculty | faculty of history,9,2
134,building complex | college of the university of oxford,9,2
135,academic publisher | academy | academy of sciences,8,3
136,campus university | comprehensive university | open-access publisher | public university,8,4
137,business,8,1
138,grand établissement,8,1
139,land-grant university | public educational institution of the united states | public research university,8,3
140,learned society | organization,8,2
141,art academy | art museum | museum | national academy,8,4
142,comprehensive university | public university | university of excellence,8,3
143,comprehensive university | organization | public research university | public university,8,4
144,pontifical university,8,1
145,autonomous university | university in quebec,8,2
146,research institute | university,8,2
147,college,8,1
148,cantonal archive | memory institution,8,2
149,council,8,1
150,comprehensive university | local internet registry | organization | public university,7,4
151,comprehensive university | open-access publisher | public research university,7,3
152,public educational institution of the united states | public university,7,2
153,learned society | publishing company,7,2
154,non-governmental organization,7,1
155,open-access publisher | private not-for-profit educational institution | university,7,3
156,educational organization | higher education institution | open-access publisher | university,7,4
157,colonial colleges | organization | private not-for-profit educational institution | private university | research university,7,5
158,seminary,7,1
159,historical commission,7,1
160,government agency of switzerland | memory institution | national archives,7,3
161,publishing company,7,1
162,charitable organization | text publication society,7,2
163,comprehensive university | open-access publisher | organization | public research university,7,4
164,land-grant university | public educational institution of the united states | public research university | united nations depository library,6,4
165,educational institution | facility,6,2
166,open-access publisher | organization,6,2
167,educational facility | school building,6,2
168,archaeological museum | monument | national museum,6,3
169,daily newspaper,6,1
170,catholic theological faculty,6,1
171,academy | theological academy of the russian orthodox church,6,2
172,college of the university of cambridge | university building,6,2
173,catholic university | open-access publisher | organization | private university,6,4
174,open-access publisher | publishing company | university,6,3
175,open-access publisher | private not-for-profit educational institution | private university | research university,6,4
176,open-access publisher | organization | university,6,3
177,academic publisher | grand établissement | grande école | organization | public university,6,5
178,"studentenverbindung, catholic",6,1
179,archive | museum,6,2
180,archive | art academy | arts venue | learned society,6,4
181,library network | medical check-up | public library,6,3
182,fachhochschule | military academy,6,2
183,art academy | college of music | national academy,6,3
184,military organization | paramilitary organization | squadron,6,3
185,archive | historical archive | library of an italian territorial body,6,3
186,lycée,5,1
187,magazine,5,1
188,university in quebec,5,1
189,independent school,5,1
190,academic institution,5,1
191,academic publisher | colonial colleges | private not-for-profit educational institution | private university | research university,5,5
192,academic publisher | constituent college | educational organization | public research university,5,4
193,academy of sciences | national academy | pontifical academy,5,3
194,ancient university | open-access publisher | organization | public university,5,4
195,educational institution | open-access publisher | organization | pontifical university,5,4
196,diocesan archive,5,1
197,organization | swedish government agency | university,5,3
198,open-access publisher | public research university | university | university in british columbia,5,4
199,school | school building,5,2
200,cultural association | learned society | literary movement,5,3
201,architectural heritage monument | open-access publisher | public university | research university,5,4
202,collegiate university | public research university | university in ontario,5,3
203,korporationsverband,5,1
204,boarding school | independent school,5,2
205,faculty | faculty of arts,5,2
206,musical group,5,1
207,professional society,5,1
208,academy | learned society,5,2
209,faculty of law,5,1
210,municipal archive | publishing company,5,2
211,building | national archives,4,2
212,building | defunct organization | former educational institution,4,3
213,swedish royal academies,4,1
214,academic library | learning resource centre | library network,4,3
215,academic publisher | academy of sciences | national academy | zelfstandig bestuursorgaan,4,4
216,swedish government agency | university,4,2
217,state district archive,4,1
218,wikipedia language edition,4,1
219,institution,4,1
220,archive | open-access publisher | organization | public university,4,4
221,école d'application,4,1
222,academic institution | educational organization | higher education institution | university college,4,4
223,independent agency of the united states government | national archives,4,2
224,liberal arts college | private not-for-profit educational institution,4,2
225,literary society,4,1
226,local internet registry | public university | university of excellence,4,3
227,educational organization | higher education institution | public research university,4,3
228,national academy | swedish royal academies,4,2
229,faculty | faculty of history | faculty of humanities,4,3
230,german state agency | state archives,4,2
231,general education school,4,1
232,foundation,4,1
233,archive | national library | public library,4,3
234,learned society | real academia | research institute,4,3
235,open-access publisher | swedish government agency | university,4,3
236,private not-for-profit educational institution | private university,4,2
237,editorial board | learned society | medical check-up,4,3
238,library building | national library | non-departmental public body | reference library | research library | tourist attraction | universal library,4,7
239,open-access publisher | public research university | public university | research university | university in ontario,4,5
240,open-access publisher | public educational institution of the united states | university,4,3
241,private not-for-profit educational institution | university | women's college,4,3
242,"public scientific, cultural or professional establishment",4,1
243,public university | research university,4,2
244,public educational institution of the united states | public research university | university,4,3
245,academy of sciences | archive | database,4,3
246,academic publisher | public educational institution of the united states | university,4,3
247,academic publisher | learned society | medical check-up,4,3
248,academic publisher | organization | public university,4,3
249,civil decoration | order,4,2
250,boarding school | boys' school | independent school | public school,4,4
251,club,4,1
252,research center,4,1
253,church archive | national archives | office of the roman curia,4,3
254,cinematheque | higher federal authority | national archives,4,3
255,cité scolaire | educational facility | lycée | public school,4,4
256,campus university | public university,4,2
257,art museum,3,1
258,editor | historical society,3,2
259,educational institution | school | state university system,3,3
260,educational institution | university,3,2
261,educational organization | higher education institution | university,3,3
262,archive | publishing company,3,2
263,academy of sciences | building | national academy | swedish royal academies,3,4
264,academy of sciences | library | national academy | open-access publisher,3,4
265,public research university | university in nova scotia,3,2
266,public university | university in france,3,2
267,public university | university of applied sciences,3,2
268,q1265246 | studentenverbindung,3,2
269,daily newspaper | newspaper,3,2
270,faculty | philosophy faculty,3,2
271,former entity | national archives,3,2
272,art museum | medical check-up | movie theater | museum | performing arts center,3,5
273,art museum | medical check-up | museum,3,3
274,art museum | national museum,3,2
275,pontifical university | seminary,3,2
276,private not-for-profit educational institution | private university | research university | school | workplace,3,5
277,private not-for-profit educational institution | women's college | women's college in the united states,3,3
278,academy of sciences | organization | public research university,3,3
279,archive | open-access publisher | public university,3,3
280,archive | open-access publisher | university,3,3
281,cultural association,3,1
282,cultural institution | educational institution,3,2
283,czech research institution | museum | national museum | publishing company,3,4
284,grand établissement | open-access publisher | university,3,3
285,corporation | museum | open-access publisher | university in ontario,3,4
286,institute of technology | polytechnic | public university | video game publisher,3,4
287,institute of the russian academy of sciences,3,1
288,institution | medical check-up | museum,3,3
289,association | organization,3,2
290,ayuntamiento,3,1
291,juvenile political organization,3,1
292,organization | public educational institution of the united states | public research university | university | university campus,3,5
293,organization | public university | research university,3,3
294,organization | women's organization,3,2
295,panel,3,1
296,political organization,3,1
297,labor union | organization,3,2
298,college | public educational institution of the united states,3,2
299,collegiate university | educational organization | organization | public research university,3,4
300,commission and consultative or deliberative ministerial body,3,1
301,committee,3,1
302,land-grant university | open-access publisher | public educational institution of the united states | public university | research university,3,5
303,land-grant university | public educational institution of the united states | public research university | university,3,4
304,land-grant university | public educational institution of the united states | university,3,3
305,language regulator,3,1
306,catholic university | jesuit university | open-access publisher | private university,3,4
307,catholic university | jesuit university | organization | university,3,4
308,open-access publisher | school of education,3,2
309,legislative branch agency | national library | parliamentary archives | united nations depository library,3,4
310,legislative term,3,1
311,archive | art museum | library | national library | welsh government sponsored body,3,5
312,archive | building,3,2
313,library | national archives | national library | open-access repository,3,4
314,local government archive | municipal archive,3,2
315,main library | national library,3,2
316,medical check-up | voluntary association,3,2
317,municipal library,3,1
318,municipality of the netherlands,3,1
319,architectural structure | secondary school,3,2
320,national academy,3,1
321,national library,3,1
322,national research university,3,1
323,charitable organization | geographical society | national academy | scientific society,3,4
324,charitable organization | historical society,3,2
325,charitable organization | public university,3,2
326,open-access publisher | organization | public university | university,3,4
327,open-access publisher | organization | publishing company | voluntary association,3,4
328,open-access publisher | private not-for-profit educational institution | private university,3,3
329,academic institution | public university,3,2
330,university campus,3,1
331,academic publisher | catholic university | educational institution | organization,3,4
332,educational institution | institute,3,2
333,educational institution | open-access publisher | university,3,3
334,art archive | collection catalog,3,2
335,academic publisher | institute of technology | institute of technology | private not-for-profit educational institution | space grant institution | university,3,6
336,academy of sciences and arts,3,1
337,secondary school,3,1
338,social movement,3,1
339,building,3,1
340,state public university,3,1
341,state regional archive (czechia),3,1
342,student society,3,1
343,501(c)(3) organization | group of structures or buildings | private not-for-profit educational institution | private university | research university,3,5
344,writers union,2,1
345,academic library | library network,2,2
346,building | ies,2,2
347,building | former educational institution,2,2
348,scientific archive,2,1
349,research institute | unité propre de recherche,2,2
350,radio station,2,1
351,art academy | kunstgewerbeschule,2,2
352,art academy | grande école | museum,2,3
353,educational institution | research center,2,2
354,educational institution | institute of the russian academy of sciences,2,2
355,educational institution | faculty of law,2,2
356,women's college,2,1
357,university archive,2,1
358,unicameral legislature,2,1
359,upper secondary school in finland,2,1
360,university-preparatory school,2,1
361,open-access publisher | production company | public research university,2,3
362,open-access publisher | private university | public educational institution of the united states | public–private partnership | research university,2,5
363,open-access publisher | private not-for-profit educational institution | research institute | university,2,4
364,open-access publisher | pontifical university | private university,2,3
365,open-access publisher | ottoman association | public university,2,3
366,normal school,2,1
367,non-governmental organization | trade union federation,2,2
368,choir,2,1
369,charitable organization | medical check-up,2,2
370,national university | open-access publisher | research university,2,3
371,archive association | association under the french law of 1901,2,2
372,architectural landmark | institute for marxism-leninism | publishing company | research institute,2,4
373,church archive,2,1
374,municipal archive | museum,2,2
375,ministry of culture | ministry of italy,2,2
376,military museum,2,1
377,"medical check-up | studentenverbindung, catholic",2,2
378,medical check-up | private association of the christian faithful,2,2
379,mediawiki wiki | wikimedia project,2,2
380,main library | public library,2,2
381,main library,2,1
382,local internet registry | open-access publisher | organization | public university,2,4
383,club | learned society,2,2
384,boarding school,2,1
385,big city | commune of france,2,2
386,archive | cantonal archive | memory institution | state archives,2,4
387,archive | building complex,2,2
388,archive | budget management department | national archives,2,3
389,open-access publisher | state university system | university,2,3
390,open-access publisher | research university | university,2,3
391,open-access publisher | public university | research university,2,3
392,open-access publisher | public research university | university,2,3
393,cemetery | private not-for-profit educational institution | university | women's college,2,4
394,catholic university | private university,2,2
395,catholic university | private not-for-profit educational institution | university,2,3
396,catholic university | private not-for-profit educational institution | private university | research university,2,4
397,catholic university | open-access publisher | pontifical university | private university | research institute,2,5
398,archaeological museum | art museum,2,2
399,archaeographic commission,2,1
400,open-access publisher | public educational institution of the united states | public research university | publishing company,2,4
401,open-access publisher | production company | public university,2,3
402,learned society | organization | scientific society,2,3
403,learned society | open-access publisher,2,2
404,learned society | medical check-up | professional association | publishing company,2,4
405,learned society | medical check-up,2,2
406,law school,2,1
407,language regulator | national academy | organization,2,3
408,college of the university of oxford,2,1
409,college of the university of lancaster | residential college,2,2
410,college of the university of cambridge,2,1
411,college of music | conservatory | school building,2,3
412,language regulator | learned society | national academy,2,3
413,landsmannschaft,2,1
414,land-grant university | public educational institution of the united states | public university | research university,2,4
415,land-grant university | public educational institution of the united states | public research university | publishing company,2,4
416,land-grant university | private not-for-profit educational institution | private university | research university | sun grant institution,2,5
417,land-grant university | open-access publisher | public educational institution of the united states | public research university | public university,2,5
418,land-grant university | open-access publisher | production company | public educational institution of the united states | public research university | school,2,6
419,collegiate university | medical check-up,2,2
420,college | school of education,2,2
421,college | private not-for-profit educational institution | university campus,2,3
422,college | private not-for-profit educational institution,2,2
423,labor union,2,1
424,kirch,2,1
425,parliamentary assembly,2,1
426,catholic seminary | university building,2,2
427,catholic seminary,2,1
428,catholic school | gymnasium | piarist school,2,3
429,canton of switzerland,2,1
430,advisory board,2,1
431,academy | voluntary association,2,2
432,organization | scientific society,2,2
433,organization | school,2,2
434,organization | publishing company | social movement | sports organization | voluntary association,2,5
435,organ of state,2,1
436,jesuit university | private university | research university,2,3
437,international organization,2,1
438,autonomous university | comprehensive academic and research university | corporation | open-access publisher | public research university,2,5
439,athenaeum | organization,2,2
440,astronomical observatory | research institute,2,2
441,intergovernmental organization | international organization,2,2
442,institution | study center,2,2
443,institute | organization,2,2
444,institute of technology | public university,2,2
445,institute of technology | public research university | university of excellence,2,3
446,institute of technology | organization | public university | research institute | university of excellence,2,5
447,imperial university of the russian empire | university,2,2
448,archive | executive branch | federal agency | government agency,2,4
449,constituent college | educational organization | higher education institution | public research university,2,4
450,hospitaller order | order of chivalry | religious military order,2,3
451,hospital,2,1
452,history museum | national museum,2,2
453,historical archive | municipal archive,2,2
454,higher education institution | school building,2,2
455,higher education institution | public research university | public university | university in france,2,4
456,higher education institution | public educational institution of the united states,2,2
457,high school | school building,2,2
458,herald's office,2,1
459,gymnasium | school building,2,2
460,gymnasium | humanistic gymnasium,2,2
461,grand établissement | public university,2,2
462,government organization,2,1
463,government agency | publishing company,2,2
464,government agency | national archives | national library | public library,2,4
465,archive | public archive | state archives,2,3
466,czech research institution | institute,2,2
467,czech research institution | facility | institute | publishing company,2,4
468,creative union in the soviet union | organization | writers union,2,3
469,archive | organization,2,2
470,archive | onlus,2,2
471,public research university | university in france,2,2
472,public research university | university,2,2
473,public educational institution of the united states | university campus,2,2
474,boarding school | independent school | public school,2,3
475,academy | institution,2,2
476,academy | historical society,2,2
477,academy | charitable organization | organization,2,3
478,provincial deputation,2,1
479,professional association | voluntary association,2,2
480,production company | public research university | research institute,2,3
481,private university,2,1
482,private not-for-profit educational institution | private university | research university | school,2,4
483,archive | monastery,2,2
484,archive | memory institution | municipal archive,2,3
485,governing body,2,1
486,art museum | museum | national museum | non-departmental public body,2,4
487,geographical society | non-governmental organization,2,2
488,geographical society,2,1
489,general education liceum,2,1
490,former convent | state archive | state archives,2,3
491,foreign affairs ministry | ministry,2,2
492,flagship university | higher education in russia | open-access publisher,2,3
493,felibrean school | learned society,2,2
494,felibrean school,2,1
495,federal scientific institute | national archives,2,2
496,federal agency of germany | research institute,2,2
497,departmental council,2,1
498,database | language regulator,2,2
499,czech research institution | university,2,2
500,czech research institution | publishing company | university,2,3
501,faculty | graduate school,2,2
502,faculty of humanities | philosophy faculty,2,2
503,faculty of humanities,2,1
504,facility | institute | institute of the russian academy of sciences | museum,2,4
505,art academy | building | open-access publisher,2,3
506,archives association,2,1
507,archive | state agency of the united states,2,2
508,archive | scientific society,2,2
509,academy of sciences | national academy | open-access publisher,2,3
510,academy of sciences | medical check-up | national academy,2,3
511,business | open-access publisher | public university,2,3
512,burschenschaft | q1810925,2,2
513,building | regional state archives,2,2
514,building | private not-for-profit educational institution | university,2,3
515,building | national library | open-access publisher | united nations depository library,2,4
516,academy of sciences | educational institution | research institute,2,3
517,academy of sciences | building | language regulator | open-access publisher,2,4
518,academy of sciences | building of public administration,2,2
519,archive | regional archive,2,2
520,educational organization | library,2,2
521,educational organization | higher education institution | public university,2,3
522,educational organization | higher education institution | open-access publisher | public research university,2,4
523,educational organization | higher education institution | open-access publisher | organization | public research university | university,2,6
524,ecclesiastical university,2,1
525,digital library | medical check-up | web archive | website,2,4
526,dicastery | roman college,2,2
527,departments of the roman curia | national library | office of the roman curia,2,3
528,art museum | medical check-up,2,2
529,academic institution | organization,2,2
530,academic institution | faculty,2,2
531,501(c)(3) organization,1,1
532,abbey | monastery | museum,1,3
533,academic district,1,1
534,academic hall of the university of oxford | building,1,2
535,building | faculty,1,2
536,building | cultural property | upper secondary school in norway,1,3
537,building | catholic seminary,1,2
538,building | catholic school,1,2
539,building complex | national research university,1,2
540,building complex | gymnasium,1,2
541,budget management department | government agency,1,2
542,wikimedia disambiguation page,1,1
543,wikimedia chapter,1,1
544,web portal,1,1
545,vorfeldorganisation,1,1
546,voluntary association | wikimedia thematic organization,1,2
547,veterans' organization,1,1
548,seminary | university,1,2
549,security agency,1,1
550,scientific organization,1,1
551,art archive | literary archive,1,2
552,art academy | university of applied sciences (switzerland),1,2
553,art academy | private not-for-profit educational institution | private university,1,3
554,art academy | open-access publisher | research center,1,3
555,educational institution | q113302088,1,2
556,educational institution | organization | university,1,3
557,educational institution | organization | research institute,1,3
558,educational institution | organization | public research institution in france,1,3
559,educational institution | open-access publisher,1,2
560,educational institution | national research university | open-access publisher | public university,1,4
561,educational institution | language school,1,2
562,educational institution | grande école,1,2
563,educational institution | french umr,1,2
564,educational institution | foundation | research center | research institute,1,4
565,abbey | art museum | monastery | ortschaft,1,4
566,united states senior military college,1,1
567,dynasty,1,1
568,division | national library,1,2
569,distance education university | open-access publisher | public research university | public university,1,4
570,directorate-general,1,1
571,diocese of the catholic church,1,1
572,digital library | national library | open-access publisher,1,3
573,dictionary | mediawiki wiki | user-generated content platform | wikimedia project,1,4
574,development bank | international financial institution,1,2
575,educational institution | research institute,1,2
576,art museum | former hospital | hospital | tapestry museum,1,4
577,art museum | database,1,2
578,art museum | collection,1,2
579,art museum | château | museum | palace | royal palace,1,5
580,art group | artist collective,1,2
581,art gallery | heritage site,1,2
582,art exhibition | organization,1,2
583,educational organization | university campus,1,2
584,educational organization | public university,1,2
585,educational organization | public research university,1,2
586,educational organization | open-access publisher | university,1,3
587,educational organization | open-access publisher | public research university,1,3
588,educational organization | higher education institution | public university | university,1,4
589,educational organization | higher education institution | organization | university,1,4
590,educational organization | gymnasium | kindergarten | primary school | religious school | seminary | university dormitory,1,7
591,educational organization,1,1
592,educational institution | state agency of north carolina | state university system,1,3
593,educational institution | specialized educational institution,1,2
594,educational institution | seminary,1,2
595,educational institution | school | type of educational institution,1,3
596,educational facility | lycée | public school,1,3
597,educational facility | lycée,1,2
598,economic affairs ministry | finance ministry | ministry,1,3
599,faculty | faculty of history | philosophy faculty,1,3
600,faculty of humanities | publishing company,1,2
601,faculty of history | unibuc faculty,1,2
602,art academy | educational organization,1,2
603,art academy | educational institution,1,2
604,archive | superior graduate school in italy,1,2
605,archive | state institutional archive,1,2
606,archive | residential building,1,2
607,ethnographic museum | museum building | museum of culture,1,3
608,ethnographic museum | museum,1,2
609,ethnic identity | international organization | medical check-up,1,3
610,ethics council,1,1
611,enterprise | film production company | organization | public broadcaster | publishing company,1,5
612,english country house | public school,1,2
613,eingetragener verein | veterans' organization,1,2
614,educational stage | qualification,1,2
615,first order | mendicant order | organization,1,3
616,federal government,1,1
617,family,1,1
618,department of the united kingdom government | foreign affairs ministry,1,2
619,department of social sciences,1,1
620,defunct organization | ministry of labour,1,2
621,defunct organization | educational institution,1,2
622,defunct museum | think tank,1,2
623,day school | grundschule | school building,1,3
624,daily newspaper | newspaper | publishing company,1,3
625,czech research institution | publishing company | research institute,1,3
626,czech research institution | open-access publisher | university,1,3
627,czech research institution | open-access publisher | public university | publishing company | university,1,5
628,czech research institution | open-access publisher | public university | publishing company,1,4
629,faculty | law school,1,2
630,faculty | faculty of physics,1,2
631,genealogical society | organization,1,2
632,fürstenschule | gymnasium,1,2
633,friary | state archive,1,2
634,fraternity,1,1
635,fraternal organization,1,1
636,foundation | museum | museum building,1,3
637,former political party | führerpartei | political party in germany,1,3
638,former entity | normal school,1,2
639,former entity | landeskirche,1,2
640,former administrative territorial entity | historical country,1,2
641,foreign affairs ministry | ministry of the czech republic,1,2
642,foreign affairs ministry | ministry of poland,1,2
643,foreign affairs ministry | government agency | united states federal executive department,1,3
644,foral diputation | government,1,2
645,folk high school,1,1
646,first order | monastic order,1,2
647,girls' school | school,1,2
648,girls' school | independent school | secondary school,1,3
649,girls' school | high school | independent school,1,3
650,association | historical society | magazine,1,3
651,association | database | network | voluntary association,1,4
652,association of the christian faithful | church movement | ecumenism | fraternity | international association of the faithful | lay movement,1,6
653,asociación de utilidad pública | medical check-up | wikimedia chapter,1,3
654,arts center,1,1
655,artistic association | professional association,1,2
656,artist collective,1,1
657,art society | photo club,1,2
658,art society | non-governmental organization | writers union,1,3
659,art museum | national museum | production company,1,3
660,art museum | museum,1,2
661,czech research institution | museum | publishing company,1,3
662,german state agency,1,1
663,czech research institution | museum | organization,1,3
664,czech research institution | museum,1,2
665,czech research institution | institute | research institute,1,3
666,czech research institution | facility | institute,1,3
667,czech research institution | educational organization | government agency,1,3
668,cultural property | heritage site | open-access publisher | public research university,1,4
669,cultural institution | museum,1,2
670,cultural institution | library network | listed municipal library | online database,1,4
671,cultural association | organization,1,2
672,cultural association | medical check-up,1,2
673,archive | photo library | search engine | user-generated content platform | wiki with script conversion | wikimedia content project | wikimedia project | wikimedia sister projects,1,8
674,archive | national library,1,2
675,archive | municipal archive | q135474690,1,3
676,archive | municipal archive,1,2
677,government,1,1
678,gossip magazine | newspaper | tabloid,1,3
679,gymnasium | religious school,1,2
680,gymnasium | primary school | religious school,1,3
681,gymnasium | humanistic gymnasium | school building,1,3
682,gymnasium | humanistic gymnasium | latin school | music college | q1981640,1,5
683,guild house | independent museum,1,2
684,guild,1,1
685,group of poets,1,1
686,grande école | higher education institution | école normale supérieure,1,3
687,grammar school | school building,1,2
688,graduate school,1,1
689,government-in-exile | political organization,1,2
690,government organization | state district archive,1,2
691,government body of australia | production company | public university,1,3
692,government agency | research institute,1,2
693,government agency in bulgaria | national archives,1,2
694,archive | public archive,1,2
695,historical commission for eastern europe,1,1
696,historic building | research library,1,2
697,higher party school,1,1
698,higher federal authority | national defense university | public university,1,3
699,higher education institution | seminary,1,2
700,higher education institution | school,1,2
701,higher education institution directly under ministry of education of the people’s republic of china | public university | vice-ministerial level university,1,3
702,higher conservatory of music,1,1
703,high school | university dormitory,1,2
704,high school | public school | secondary school,1,3
705,high school | public school,1,2
706,heritage society,1,1
707,heraldic society,1,1
708,gymnasium | university dormitory,1,2
709,gymnasium | secondary school,1,2
710,gymnasium | school,1,2
711,confraternity,1,1
712,ideell förening | medical check-up,1,2
713,human | person,1,2
714,hospital | istituto di ricovero e cura a carattere scientifico | public hospital | university hospital,1,4
715,hochschule,1,1
716,history museum,1,1
717,historically black college or university | public educational institution of the united states | university,1,3
718,historically black college or university | private not-for-profit educational institution | women's college in the united states,1,3
719,historically black college or university | private not-for-profit educational institution | private university,1,3
720,historical society | scientific society,1,2
721,historical society | publishing company,1,2
722,historical society | organization | regulatory college,1,3
723,historical society | medical check-up | museum,1,3
724,historical society | learned society | medical check-up | trade union federation,1,4
725,historical society | history museum | medical check-up | museum,1,4
726,historical commission | historical society,1,2
727,archive | departmental archives,1,2
728,archive | department,1,2
729,image database | memory institution | photo archive | photo library | specialized archive | university archive,1,6
730,creative union in the soviet union | organization,1,2
731,court,1,1
732,county council | non-metropolitan county council,1,2
733,constituent college | educational organization | higher education institution | open-access publisher | public research university,1,5
734,conservatory | theatre company,1,2
735,conservatory | school building,1,2
736,conservatory | music school | organization,1,3
737,conservatory | grande école,1,2
738,conservatory | drama school | public university,1,3
739,conservatory,1,1
740,conservation organization | hiking club | medical check-up,1,3
741,conservation library | library of an italian territorial body | museum,1,3
742,congress,1,1
743,information school,1,1
744,information ministry,1,1
745,independent school | school,1,2
746,independent agency of the united states government,1,1
747,archive | memory institution,1,2
748,archive | library | service interétablissement de coopération documentaire | university museum,1,4
749,archive | library | museum,1,3
750,archive | library,1,2
751,archive | historical archive | state archives,1,3
752,archive | higher education institution | library,1,3
753,archive | foundation,1,2
754,archive | film archive,1,2
755,archive | emergency department | emergency medical services,1,3
756,archive | educational institution | research center,1,3
757,archive | division of an educational institution | facility,1,3
758,archive | deputazione di storia patria,1,2
759,interior ministry | new zealand public service department,1,2
760,intergovernmental organization | specialized agency of the united nations,1,2
761,intelligence agency | military police | security agency,1,3
762,intelligence agency | military branch,1,2
763,intelligence agency,1,1
764,institutional archive,1,1
765,institution | municipal archive | publishing company,1,3
766,institute | institution | medical check-up,1,3
767,institute of the russian academy of sciences | research institute,1,2
768,institute of technology | public university | research institute,1,3
769,institute of technology | public educational institution of the united states | public research university,1,3
770,institute of technology | organization,1,2
771,institute for marxism-leninism | research institute,1,2
772,inns of court,1,1
773,information school | university,1,2
774,information school | library school,1,2
775,jesuit school,1,1
776,international organization | scientific organization,1,2
777,international organization | research institute,1,2
778,bibliographic database | national library,1,2
779,bank | körperschaft des öffentlichen rechts,1,2
780,ballet school | medical check-up,1,2
781,ballet company | dance organization,1,2
782,award | cultural prize,1,2
783,athenaeum | medical check-up,1,2
784,association | philatelic organization | umbrella organization,1,3
785,association | philanthropic organization,1,2
786,association | non-governmental organization,1,2
787,association | medical check-up | professional association,1,3
788,company,1,1
789,international non-governmental organization,1,1
790,international financial institution | specialized agency of the united nations,1,2
791,land-grant university | neighborhood | public educational institution of the united states | public university | research university | sun grant institution | university,1,7
792,community college | public educational institution of the united states,1,2
793,commune of france,1,1
794,commercial organization | national railway | railway company,1,3
795,colonial colleges | open-access publisher | private not-for-profit educational institution | private university | research university,1,5
796,collegiate university | educational organization | higher education institution | public research university,1,4
797,colleges that change lives | liberal arts college | private not-for-profit educational institution,1,3
798,college | women's college,1,2
799,college | open-access publisher | private not-for-profit educational institution | university,1,4
800,laboratory,1,1
801,labor union | writers union,1,2
802,kolleg | q20197976 | school,1,3
803,justice ministry | ministry,1,2
804,jewish organization | medical check-up | publishing company | research institute,1,4
805,jewish library | public library,1,2
806,jesuit school | school,1,2
807,college | lycée,1,2
808,college | historically black college or university | school,1,3
809,college | gymnasium,1,2
810,college | former educational institution,1,2
811,college | educational organization | higher education institution | organization | university,1,5
812,college of music | drama school | hochschule | public educational institution,1,4
813,college of durham university,1,1
814,collection | public educational institution of the united states | university,1,3
815,collection | open-access publisher | university in british columbia,1,3
816,collection | municipal archive,1,2
817,collection | jewish museum | memory institution | museum collection,1,4
818,colegio profesional,1,1
819,landsmannschaft | q109851611 | umbrella organization | vertriebenenverband,1,4
820,land-grant university | public educational institution of the united states | university campus,1,3
821,land-grant university | open-access publisher | public educational institution of the united states | public university,1,4
822,land-grant university | open-access publisher | public educational institution of the united states | public research university,1,4
823,archive | czech research institution | institute | publishing company,1,4
824,archive | current archive | deposit archive | diocesan archive | historical archive,1,5
825,archive | cultural institution,1,2
826,archive | cultural heritage ensemble,1,2
827,archive | conservation library | library of an italian territorial body,1,3
828,archive | collection | research institute,1,3
829,archive | collection | library,1,3
830,archive | charitable trust | film archive,1,3
831,liberal arts college in the united states | private not-for-profit educational institution,1,2
832,lexicon | online database,1,2
833,legal person | university,1,2
834,learned society | text publication society,1,2
835,learned society | scientific journal,1,2
836,learned society | medical check-up | organization,1,3
837,law enforcement agency,1,1
838,language society (17th an 18th century),1,1
839,library | regional library | state libraries of germany,1,3
840,library | qahal,1,2
841,library | national library | public library,1,3
842,library | national library,1,2
843,library | national archives | national library,1,3
844,library | museum,1,2
845,library | main library,1,2
846,library of an italian territorial body | public library,1,2
847,library of an italian territorial body | media library | public library,1,3
848,library network | public library,1,2
849,library building | public library,1,2
850,library association | voluntary association,1,2
851,library association | professional society,1,2
852,library association,1,1
853,archive | database,1,2
854,archive | czech research institution | publishing company | state regional archive (czechia),1,4
855,literary archive | museum,1,2
856,boarding school | first school | primary school | private school | university-preparatory school,1,5
857,boarding school | college | independent school,1,3
858,boarding school | charitable organization | independent school | sports venue,1,4
859,boarding school | charitable organization | independent school,1,3
860,boarding school | charitable organization | girls' school | independent school | school,1,5
861,boarding school | catholic school | independent school | mixed-sex education,1,4
862,boarding school | catholic school | independent school,1,3
863,boarding school | boys' school | independent school,1,3
864,bilingual school,1,1
865,big city | commune of italy,1,2
866,big city | college town | commune of france | commune of france with specific status,1,4
867,big city | city | college town | federal city | major regional center | urban district of north rhine-westphalia | urban municipality in germany,1,7
868,big city | cantonal capital of switzerland | city of switzerland | college town | municipality of switzerland,1,5
869,lineage society,1,1
870,library | state library of germany | united nations depository library | universal library,1,4
871,medical check-up | professional association,1,2
872,medical check-up | party political foundation in germany | publishing company | think tank,1,4
873,medical check-up | non-governmental organization,1,2
874,medical check-up | museum | museum building,1,3
875,medical check-up | migration museum | museum,1,3
876,media company | university,1,2
877,max planck institute | medical check-up,1,2
878,main library | research library,1,2
879,lycée | school building,1,2
880,lyceum | secondary school,1,2
881,lyceum | school | school building,1,3
882,lyceum,1,1
883,lower secondary school,1,1
884,local museum,1,1
885,literary magazine | periodical,1,2
886,literary archive | specialized archives,1,2
887,ministry of culture,1,1
888,ministry,1,1
889,military unit | school,1,2
890,military school | national school,1,2
891,military school,1,1
892,military museum | national museum,1,2
893,military academy,1,1
894,metropolitan borough council,1,1
895,mendicant order | organization,1,2
896,memory institution | specialized archive,1,2
897,memory institution | private archive | specialized archive,1,3
898,membership organization,1,1
899,medical school,1,1
900,medical check-up | wikimedia chapter,1,2
901,medical check-up | vexillological society,1,2
902,medical check-up | service club,1,2
903,music museum | organization,1,2
904,music archive | music library | voluntary association,1,3
905,museum-reserve,1,1
906,museum | palace,1,2
907,museum archive | specialized archives,1,2
908,museum alliance,1,1
909,municipality,1,1
910,municipal archive | regional historic center,1,2
911,municipal archive | public service | q65934161,1,3
912,monument | museum,1,2
913,ministry | ministry of the colonies,1,2
914,ministry | ministry of culture | open-access publisher,1,3
915,ministry of the government of andalusia,1,1
916,ministry of spain,1,1
917,ministry of hungary,1,1
918,ministry of education,1,1
919,classical college | private school | secondary school,1,3
920,classe préparatoire aux grandes écoles | school,1,2
921,classe préparatoire aux grandes écoles | college in france | lycée,1,3
922,cité scolaire | educational facility | lycée,1,3
923,city of switzerland | municipality of switzerland,1,2
924,city museum | local museum,1,2
925,cinematheque | movie theater,1,2
926,cinematheque | film archive | movie theater,1,3
927,cinematheque | film archive | film museum | movie theater | museum,1,5
928,cinematheque,1,1
929,château | cultural heritage site in ukraine | history museum | palace complex | park,1,5
930,church of england school | secondary school,1,2
931,church college | college | private not-for-profit educational institution,1,3
932,church building | cultural property | museum building | school,1,4
933,christian denomination | united and uniting churches,1,2
934,musical ensemble | musical group,1,2
935,national archives | swedish government agency,1,2
936,national archives | real property,1,2
937,national archives | public archive,1,2
938,national academy | scientific society,1,2
939,archive network | government agency | library consortium | library network,1,4
940,archive association | association,1,2
941,archival repository | archives | memory institution | public archive,1,4
942,architectural style | art movement | arts educational institution | institution,1,4
943,architectural structure | vocational school,1,2
944,architectural structure | former school building,1,2
945,architectural structure | archive | art museum | library,1,4
946,architectural museum,1,1
947,architectural landmark | school,1,2
948,architectural landmark | library,1,2
949,architectural landmark | gymnasium,1,2
950,architectural landmark | drama school | university,1,3
951,charitable organization | learned society | limited company,1,3
952,charitable organization | international association of the faithful | religious order | voluntary association,1,4
953,charitable organization | independent school | school,1,3
954,charitable organization | independent school,1,2
955,charitable organization | educational organization | higher education institution | university,1,4
956,chapter,1,1
957,chamber of deputies | elected legislative house | parliament,1,3
958,network or movement of the french resistance,1,1
959,naval museum,1,1
960,national university | open-access publisher | public university,1,3
961,national university,1,1
962,national trade union center,1,1
963,national research university | open-access publisher,1,2
964,national museum | science museum | technology museum,1,3
965,national museum | numismatic collection,1,2
966,national museum,1,1
967,archaeological museum | national museum,1,2
968,archaeological museum | ethnographic museum | monument,1,3
969,archaeological museum | art museum | national museum,1,3
970,archaeological museum,1,1
971,open-access publisher | pontifical university | research university,1,3
972,online newspaper | radio station,1,2
973,online database | series | written work,1,3
974,normal school | public educational institution of the united states | university,1,3
975,normal school | open-access publisher | university,1,3
976,non-departmental public body | research council,1,2
977,newspaper | periodical,1,2
978,newspaper | organization,1,2
979,choral group | studentenverbindung,1,2
980,chinese-language internet encyclopedia | mediawiki instance | wiki with script conversion | wikipedia language edition,1,4
981,chartered company,1,1
982,charitable organization | organization,1,2
983,architectural landmark | building | national archives,1,3
984,chamber of deputies | chamber of parliament,1,2
985,central committee,1,1
986,census-designated place in the united states | land-grant university | open-access publisher | public educational institution of the united states | university,1,5
987,cegep,1,1
988,catholic university | pontifical university | private university,1,3
989,catholic university | pontifical university,1,2
990,catholic university | open-access publisher | private not-for-profit educational institution | private university,1,4
991,catholic university | open-access publisher,1,2
992,catholic theological faculty | seminary,1,2
993,architectural landmark | archive | national library | public library,1,4
994,architectural landmark | archive | film archive | medical check-up | photo library | state archives,1,6
995,architectural landmark | archive,1,2
996,architectural heritage monument | architectural structure | building | museum,1,4
997,architectural ensemble | museum | natural history museum,1,3
998,archaeological society | charitable organization | geolocatable entity | governing body | organization,1,5
999,organization | publishing company,1,2
1000,organization | public research university | public university | university of applied sciences | university of excellence,1,5
1001,organization | public association,1,2
1002,organization | private not-for-profit educational institution | school | university,1,4
1003,organization | political party wing,1,2
1004,organization | political party,1,2
1005,organization | political movement | women's organization,1,3
1006,organization | paramilitary organization,1,2
1007,organization established by the united nations,1,1
1008,opera company,1,1
1009,open-access publisher | public university | research institute,1,3
1010,open-access publisher | public university | publishing company,1,3
1011,open-access publisher | public research university | university in ontario,1,3
1012,open-access publisher | public research university | university in france,1,3
1013,open-access publisher | public educational institution | university,1,3
1014,open-access publisher | public educational institution of the united states | public university,1,3
1015,alcohol monopoly | business | state-owned enterprise,1,3
1016,aid agency | political organization,1,2
1017,aid agency | foundation | medical check-up,1,3
1018,aerospace manufacturer | automobile manufacturer | organization | public company | tractor brand,1,5
1019,advocacy group,1,1
1020,advice centre,1,1
1021,administration municipale of france,1,1
1022,academy | university,1,2
1023,academy | museum,1,2
1024,organization | study center,1,2
1025,organization | society,1,2
1026,organization | secret service,1,2
1027,organization | school | university,1,3
1028,organization | research institute,1,2
1029,organization | real property,1,2
1030,organization | q2955972,1,2
1031,organization | university in france,1,2
1032,organization | theatre company,1,2
1033,catholic theological faculty | faculty | former entity,1,3
1034,catholic theological faculty | faculty,1,2
1035,catholic seminary | religious building,1,2
1036,catholic school | gymnasium,1,2
1037,catholic school | educational institution,1,2
1038,catholic particular church sui iuris | eastern catholic churches,1,2
1039,catholic organization,1,1
1040,catholic order | hospitaller order | religious military order | subject of international law,1,4
1041,catholic archdiocese,1,1
1042,cathedral,1,1
1043,catalonia institute | school building,1,2
1044,catalogue | library | literary archive | literary museum,1,4
1045,altherrenverein | schülerverbindung | studentenverbindung,1,3
1046,altherrenverein | schülerverbindung,1,2
1047,private not-for-profit educational institution,1,1
1048,private educational institution in catalonia,1,1
1049,primary school | school | secondary school,1,3
1050,pressure group | private university | university of applied sciences,1,3
1051,pressure group,1,1
1052,prefecture,1,1
1053,postcard publishing company | publishing company,1,2
1054,pontifical academy,1,1
1055,political party committee,1,1
1056,political movement,1,1
1057,photo agency,1,1
1058,patrimonial administration | public service,1,2
1059,paramilitary organization,1,1
1060,organization | établissement public,1,2
1061,organization | école normale supérieure,1,2
1062,organization | youth organisation | zionist youth movement,1,3
1063,boarding school | high school | school,1,3
1064,campus university,1,1
1065,public educational institution of the united states | public research university | university campus,1,3
1066,academy | former entity,1,2
1067,academy school | secondary school,1,2
1068,academy school | girls' school | grammar school | secondary school,1,4
1069,academy school | boarding school | secondary school | upper school,1,4
1070,academy school | boarding school | secondary school,1,3
1071,academy school | boarding school | boys' school | grammar school | secondary school,1,5
1072,academy of sciences | organization,1,2
1073,public association,1,1
1074,public archive,1,1
1075,public administration of france | q2997700,1,2
1076,protestant faculty of theology,1,1
1077,private not-for-profit educational institution | women's college,1,2
1078,private not-for-profit educational institution | research institute | school | university,1,4
1079,public educational institution of the united states | vocational school,1,2
1080,public educational institution of the united states | public university | university | university building,1,4
1081,public educational institution of the united states | public university | school,1,3
1082,broadcasting board,1,1
1083,broadcaster | production company,1,2
1084,broadcaster,1,1
1085,brick and mortar | department store | enterprise | organization,1,4
1086,botanical garden | region,1,2
1087,botanical garden | national museum | natural history museum,1,3
1088,booster club | charitable corporation,1,2
1089,book publisher,1,1
1090,boarding school | university-preparatory school,1,2
1091,boarding school | public school | secondary school,1,3
1092,boarding school | medical check-up,1,2
1093,boarding school | independent school | school building,1,3
1094,boarding school | independent school | school,1,3
1095,business | railway company,1,2
1096,business | news agency,1,2
1097,business | former entity | news agency | photo agency,1,4
1098,business | camera manufacturer | enterprise | holding company | public company,1,5
1099,business school | graduate school,1,2
1100,business school | educational institution | private university,1,3
1101,building | spanish regional parliament | unicameral legislature,1,3
1102,building | school,1,2
1103,building | national archives | open-access publisher,1,3
1104,building | major seminary,1,2
1105,academy of sciences | learned society | national academy | open-access publisher,1,4
1106,academy of sciences | language regulator,1,2
1107,academy of sciences | international organization,1,2
1108,public library | research library,1,2
1109,public library,1,1
1110,public educational institution | university of applied sciences,1,2
1111,regional archive | state archives,1,2
1112,regional archive,1,1
1113,record label,1,1
1114,radio propaganda | radio station,1,2
1115,q61415303,1,1
1116,q56377753,1,1
1117,q4151355,1,1
1118,q2860567,1,1
1119,q15119463,1,1
1120,q125142912,1,1
1121,public university | university of excellence,1,2
1122,public school | upper secondary school in norway,1,2
1123,public school | secondary school | établissement public local d'enseignement,1,3
1124,public research university | university in manitoba,1,2
1125,academy of sciences | learned society | national academy | open-access publisher | organization | publishing company,1,6
1126,cadet corps,1,1
1127,school | vocational school | wirtschaftsgymnasium,1,3
1128,school | state university system,1,2
1129,school center,1,1
1130,rural district of schleswig-holstein,1,1
1131,rural district of north rhine-westphalia,1,1
1132,rural district of baden-württemberg,1,1
1133,roman catholic metropolitan archdiocese,1,1
1134,resistance movement,1,1
1135,academy of fine arts | czech research institution | publishing company | university building,1,4
1136,academy of fine arts,1,1
1137,academic publisher | publishing company | scientific society,1,3
1138,academic publisher | open-access publisher | public university | research institute,1,4
1139,academic publisher | honor society | learned society | organization,1,4
1140,research institute | transgender organization,1,2
1141,religious school | school,1,2
1142,religious school,1,1
1143,academic institution | faculty of law,1,2
1144,zapovednik,1,1
1145,youth organisation,1,1
1146,written work,1,1
1147,academic publisher | academy | public university,1,3
1148,academic library | open-access publisher,1,2
1149,academic library | national library,1,2
1150,academic library | library network | publishing company,1,3
1151,academic library | library branch,1,2
1152,academic library | library,1,2
1153,statutory corporation,1,1
1154,state university system,1,1
1155,state government,1,1
1156,state agency of the united states | state archives,1,2
1157,specialized library,1,1
1158,spanish association,1,1
1159,unibuc faculty,1,1
1160,type of educational institution | type of roman catholic institution,1,2
1161,type of educational institution,1,1
1162,training course,1,1
1163,technology park,1,1
1164,teacher training institute,1,1
1165,swedish government agency,1,1
1166,supreme court | tribunal of the roman curia,1,2
1167,study center,1,1
1168,academic publisher | catholic university | open-access publisher | private not-for-profit educational institution | private university,1,5
1169,verwaltungshochschule,1,1
1170,university press,1,1
1171,university art museum,1,1
1172,academic journal,1,1
1173,academic institution | faculty | philosophy faculty,1,3
1174,academic institution | faculty | higher education institution,1,3
