,typesOrg,orgMainType,number,numberOrg
654,grand établissement | grande école,public university,370,2
1151,university,university,222,1
457,corporation | organization,company or gov. agency,221,2
798,learned society,learned society,200,1
981,open-access publisher | university,university,149,2
964,open-access publisher | public research university,university,126,2
595,faculty | open-access publisher | publishing company,university,126,3
985,organization,company or gov. agency,123,1
1079,public university,public university,109,1
125,archive,other archive,106,1
971,open-access publisher | public university,public university,106,2
441,comprehensive university | public university,public university,82,2
802,learned society | national academy,learned society,71,2
789,landesbetrieb | public university | university of applied sciences,public university,62,3
436,comprehensive university | open-access publisher | public research university | university of excellence,university,53,4
1023,philosophy faculty,university,53,1
44,academy of sciences,academy of sciences,50,1
500,departmental archives,other archive,49,1
1082,public university | university,public university,49,2
1155,university in france,university,49,1
698,historical society,learned society,45,1
542,educational institution | publishing company | research institute,educational institution,44,3
186,art academy,educational institution,43,1
529,educational institution | grand établissement,public university,42,2
485,czech research institution | organization | public university | publishing company | university,company or gov. agency,41,5
661,gymnasium,educational institution,41,1
946,open-access publisher | organization | public university,company or gov. agency,39,3
917,national archives | national library,national archive,39,2
916,national archives,national archive,37,1
896,municipal archive,municipal archive,36,1
74,academy | archive | publishing company,other archive,35,3
430,comprehensive university | local internet registry | public research university | public university | publishing company | university of excellence,public university,34,6
1162,voluntary association,association,33,1
431,comprehensive university | local internet registry | public university,public university,33,3
308,campus university | university,university,31,2
1057,public educational institution of the united states | public research university,university,30,2
440,comprehensive university | public research university | public university | university of excellence,public university,30,4
579,faculty,university,29,1
493,database | learned society,learned society,29,2
591,faculty | faculty of law | research institute,university,29,3
996,organization | public university,company or gov. agency,29,2
438,comprehensive university | open-access publisher | public university | university of applied sciences,public university,29,4
1111,school,educational institution,28,1
437,comprehensive university | open-access publisher | public university,public university,28,3
861,medical check-up,association,27,1
62,academy of sciences | national academy | organization | public body,company or gov. agency,26,4
811,learned society | voluntary association,learned society,26,2
524,educational institution | examination board,educational institution,25,2
619,former entity | university in france,university,25,2
685,higher education institution | public university | replaced entity | university,public university,25,4
564,educational organization | open-access publisher | public university | publishing company,company or gov. agency,24,4
700,historical society | learned society | medical check-up,learned society,23,3
975,open-access publisher | public university | university,public university,23,3
580,faculty of history,university,22,1
305,campus university | comprehensive university | medical check-up | public university | stiftungshochschule,public university,21,5
421,colonial colleges | private not-for-profit educational institution | private university | research university,private university,21,4
64,academy of sciences | national academy | swedish royal academies,educational institution,21,3
523,educational institution,educational institution,21,1
696,historical commission for eastern europe | learned society,learned society,21,2
904,museum,scientific organisation,20,1
312,catalogue | national library | organization | publishing company,company or gov. agency,20,4
41,academy,learned society,20,1
969,open-access publisher | public research university | university in quebec,university,20,3
680,higher education institution,educational institution,20,1
1128,state archives,state archive,20,1
519,educational facility | educational institution,educational institution,19,2
52,academy of sciences | collection | national academy,academy of sciences,19,3
674,high school,educational institution,18,1
718,ies,educational institution,18,1
428,comprehensive university | local internet registry | open-access publisher | public university,public university,18,4
1011,organization | university,company or gov. agency,18,2
720,imperial university of the russian empire,university,18,1
731,institute,research organisation,18,1
435,comprehensive university | open-access publisher | public research university | public university | university campus | university of excellence,public university,17,6
47,academy of sciences | book publisher | organization,company or gov. agency,17,3
433,comprehensive university | open-access publisher | organization | public research university | public university | university of excellence,company or gov. agency,17,6
82,academy | national academy,scientific organisation,17,2
329,catholic university,university,16,1
1127,state archive,state archive,16,1
60,academy of sciences | national academy,academy of sciences,16,2
293,burschenschaft,association,16,1
518,educational facility,research facility,16,1
1049,professional association,association,16,1
36,academic publisher | open-access publisher | public university,public university,15,3
1075,public research university | university in quebec,university,15,2
994,organization | public research university,company or gov. agency,15,2
614,former educational institution | university in france,university,15,2
1070,public research university,university,15,1
1064,public educational institution of the united states | university,university,15,2
762,jesuit university | pontifical university,university,14,2
933,newspaper,association,14,1
945,open-access publisher | organization | public research institution in france | research institute,company or gov. agency,13,4
818,library,association,13,1
96,alumni association,association,13,1
341,catholic university | university,university,13,2
166,archive | national archives,national archive,13,2
1136,studentenverbindung,association,13,1
401,college of the university of oxford | university building,university,13,2
1102,research institute,research organisation,12,1
703,historical society | organization,company or gov. agency,12,2
192,art academy | grande école | higher education institution | open-access publisher,public university,12,4
443,comprehensive university | university,university,12,2
1043,private not-for-profit educational institution | university,university,12,2
855,main library | national library | public library,association,12,3
355,charitable organization | learned society,company or gov. agency,11,2
29,academic publisher | colonial colleges | private not-for-profit educational institution | private university | production company | research university,private university,11,6
682,higher education institution | organization,company or gov. agency,11,2
184,archive | university,other archive,11,2
634,german student corps,association,11,1
641,government agency,association,11,1
809,learned society | scientific society,learned society,11,2
67,academy of sciences | publishing company,academy of sciences,11,2
221,association,association,11,1
982,open-access publisher | university in france,university,11,2
4,academic department,university,10,1
79,academy | language regulator | national academy | organization,company or gov. agency,10,4
692,historical archive,other archive,10,1
388,collection | comprehensive university | public university,public university,10,3
467,cultural institution,association,10,1
16,academic library,association,10,1
1019,paramilitary organization | political faction | political organization,company or gov. agency,9,3
1022,periodical,association,9,1
481,czech research institution | open-access publisher | organization | public university | publishing company,company or gov. agency,9,5
68,academy of sciences | research institute,academy of sciences,9,2
414,collegiate university | educational organization | exempt charity | higher education institution | public university,company or gov. agency,9,5
48,academy of sciences | building,academy of sciences,9,2
1080,public university | research institute,public university,9,2
1061,public educational institution of the united states | public university | research university,public university,9,3
1118,scientific society,scientific organisation,9,1
1039,private not-for-profit educational institution | private university | research university,private university,9,3
537,educational institution | open-access publisher | organization | public university,company or gov. agency,9,4
615,former entity | higher education institution | public university | university,public university,9,4
590,faculty | faculty of humanities,university,9,2
587,faculty | faculty of history,university,9,2
275,building complex | college of the university of oxford,university,9,2
25,academic publisher | academy | academy of sciences,academy of sciences,8,3
306,campus university | comprehensive university | open-access publisher | public university,public university,8,4
295,business,association,8,1
653,grand établissement,public university,8,1
782,land-grant university | public educational institution of the united states | public research university,university,8,3
804,learned society | organization,company or gov. agency,8,2
187,art academy | art museum | museum | national academy,educational institution,8,4
442,comprehensive university | public university | university of excellence,public university,8,3
439,comprehensive university | organization | public research university | public university,company or gov. agency,8,4
1029,pontifical university,university,8,1
234,autonomous university | university in quebec,university,8,2
1105,research institute | university,university,8,2
393,college,educational institution,8,1
310,cantonal archive | memory institution,other archive,8,2
458,council,association,8,1
429,comprehensive university | local internet registry | organization | public university,company or gov. agency,7,4
434,comprehensive university | open-access publisher | public research university,university,7,3
1060,public educational institution of the united states | public university,public university,7,2
806,learned society | publishing company,learned society,7,2
937,non-governmental organization,company or gov. agency,7,1
956,open-access publisher | private not-for-profit educational institution | university,university,7,3
556,educational organization | higher education institution | open-access publisher | university,company or gov. agency,7,4
420,colonial colleges | organization | private not-for-profit educational institution | private university | research university,company or gov. agency,7,5
1121,seminary,association,7,1
694,historical commission,association,7,1
643,government agency of switzerland | memory institution | national archives,national archive,7,3
1086,publishing company,association,7,1
360,charitable organization | text publication society,company or gov. agency,7,2
432,comprehensive university | open-access publisher | organization | public research university,company or gov. agency,7,4
784,land-grant university | public educational institution of the united states | public research university | united nations depository library,university,6,4
525,educational institution | facility,educational institution,6,2
944,open-access publisher | organization,company or gov. agency,6,2
522,educational facility | school building,research facility,6,2
103,archaeological museum | monument | national museum,scientific organisation,6,3
489,daily newspaper,association,6,1
325,catholic theological faculty,university,6,1
83,academy | theological academy of the russian orthodox church,learned society,6,2
398,college of the university of cambridge | university building,university,6,2
333,catholic university | open-access publisher | organization | private university,company or gov. agency,6,4
976,open-access publisher | publishing company | university,university,6,3
954,open-access publisher | private not-for-profit educational institution | private university | research university,private university,6,4
949,open-access publisher | organization | university,company or gov. agency,6,3
32,academic publisher | grand établissement | grande école | organization | public university,company or gov. agency,6,5
1137,"studentenverbindung, catholic",association,6,1
165,archive | museum,other archive,6,2
129,archive | art academy | arts venue | learned society,other archive,6,4
824,library network | medical check-up | public library,association,6,3
577,fachhochschule | military academy,educational institution,6,2
189,art academy | college of music | national academy,educational institution,6,3
882,military organization | paramilitary organization | squadron,company or gov. agency,6,3
155,archive | historical archive | library of an italian territorial body,other archive,6,3
850,lycée,association,5,1
852,magazine,association,5,1
1156,university in quebec,university,5,1
724,independent school,educational institution,5,1
7,academic institution,educational institution,5,1
30,academic publisher | colonial colleges | private not-for-profit educational institution | private university | research university,private university,5,5
31,academic publisher | constituent college | educational organization | public research university,company or gov. agency,5,4
63,academy of sciences | national academy | pontifical academy,academy of sciences,5,3
97,ancient university | open-access publisher | organization | public university,company or gov. agency,5,4
536,educational institution | open-access publisher | organization | pontifical university,company or gov. agency,5,4
508,diocesan archive,other archive,5,1
1009,organization | swedish government agency | university,company or gov. agency,5,3
970,open-access publisher | public research university | university | university in british columbia,university,5,4
1113,school | school building,educational institution,5,2
464,cultural association | learned society | literary movement,learned society,5,3
108,architectural heritage monument | open-access publisher | public university | research university,public university,5,4
418,collegiate university | public research university | university in ontario,university,5,3
770,korporationsverband,association,5,1
258,boarding school | independent school,educational institution,5,2
586,faculty | faculty of arts,university,5,2
912,musical group,association,5,1
1051,professional society,learned society,5,1
80,academy | learned society,learned society,5,2
585,faculty of law,university,5,1
899,municipal archive | publishing company,municipal archive,5,2
286,building | national archives,national archive,4,2
281,building | defunct organization | former educational institution,company or gov. agency,4,3
1142,swedish royal academies,educational institution,4,1
17,academic library | learning resource centre | library network,association,4,3
24,academic publisher | academy of sciences | national academy | zelfstandig bestuursorgaan,academy of sciences,4,4
1141,swedish government agency | university,university,4,2
1129,state district archive,other archive,4,1
1168,wikipedia language edition,association,4,1
744,institution,association,4,1
170,archive | open-access publisher | organization | public university,company or gov. agency,4,4
1174,école d'application,association,4,1
8,academic institution | educational organization | higher education institution | university college,company or gov. agency,4,4
723,independent agency of the united states government | national archives,national archive,4,2
817,liberal arts college | private not-for-profit educational institution,educational institution,4,2
841,literary society,learned society,4,1
844,local internet registry | public university | university of excellence,public university,4,3
558,educational organization | higher education institution | public research university,company or gov. agency,4,3
915,national academy | swedish royal academies,educational institution,4,2
588,faculty | faculty of history | faculty of humanities,university,4,3
633,german state agency | state archives,state archive,4,2
629,general education school,educational institution,4,1
621,foundation,association,4,1
168,archive | national library | public library,other archive,4,3
807,learned society | real academia | research institute,learned society,4,3
980,open-access publisher | swedish government agency | university,university,4,3
1038,private not-for-profit educational institution | private university,private university,4,2
517,editorial board | learned society | medical check-up,learned society,4,3
822,library building | national library | non-departmental public body | reference library | research library | tourist attraction | universal library,research organisation,4,7
965,open-access publisher | public research university | public university | research university | university in ontario,public university,4,5
962,open-access publisher | public educational institution of the united states | university,university,4,3
1044,private not-for-profit educational institution | university | women's college,university,4,3
1078,"public scientific, cultural or professional establishment",association,4,1
1081,public university | research university,public university,4,2
1058,public educational institution of the united states | public research university | university,university,4,3
46,academy of sciences | archive | database,other archive,4,3
39,academic publisher | public educational institution of the united states | university,university,4,3
35,academic publisher | learned society | medical check-up,learned society,4,3
38,academic publisher | organization | public university,company or gov. agency,4,3
381,civil decoration | order,association,4,2
249,boarding school | boys' school | independent school | public school,educational institution,4,4
385,club,association,4,1
1101,research center,research organisation,4,1
367,church archive | national archives | office of the roman curia,national archive,4,3
375,cinematheque | higher federal authority | national archives,national archive,4,3
380,cité scolaire | educational facility | lycée | public school,research facility,4,4
307,campus university | public university,public university,4,2
203,art museum,scientific organisation,3,1
516,editor | historical society,learned society,3,2
546,educational institution | school | state university system,university,3,3
551,educational institution | university,university,3,2
561,educational organization | higher education institution | university,company or gov. agency,3,3
177,archive | publishing company,other archive,3,2
51,academy of sciences | building | national academy | swedish royal academies,educational institution,3,4
58,academy of sciences | library | national academy | open-access publisher,academy of sciences,3,4
1074,public research university | university in nova scotia,university,3,2
1083,public university | university in france,public university,3,2
1084,public university | university of applied sciences,public university,3,2
1088,q1265246 | studentenverbindung,association,3,2
490,daily newspaper | newspaper,association,3,2
596,faculty | philosophy faculty,university,3,2
617,former entity | national archives,national archive,3,2
209,art museum | medical check-up | movie theater | museum | performing arts center,scientific organisation,3,5
210,art museum | medical check-up | museum,scientific organisation,3,3
213,art museum | national museum,scientific organisation,3,2
1030,pontifical university | seminary,university,3,2
1041,private not-for-profit educational institution | private university | research university | school | workplace,private university,3,5
1046,private not-for-profit educational institution | women's college | women's college in the united states,educational institution,3,3
66,academy of sciences | organization | public research university,company or gov. agency,3,3
171,archive | open-access publisher | public university,other archive,3,3
172,archive | open-access publisher | university,other archive,3,3
463,cultural association,association,3,1
468,cultural institution | educational institution,educational institution,3,2
478,czech research institution | museum | national museum | publishing company,research organisation,3,4
655,grand établissement | open-access publisher | university,public university,3,3
456,corporation | museum | open-access publisher | university in ontario,company or gov. agency,3,4
735,institute of technology | polytechnic | public university | video game publisher,institute of technology,3,4
740,institute of the russian academy of sciences,academy of sciences,3,1
745,institution | medical check-up | museum,scientific organisation,3,3
227,association | organization,company or gov. agency,3,2
236,ayuntamiento,association,3,1
767,juvenile political organization,company or gov. agency,3,1
993,organization | public educational institution of the united states | public research university | university | university campus,company or gov. agency,3,5
997,organization | public university | research university,company or gov. agency,3,3
1013,organization | women's organization,company or gov. agency,3,2
1017,panel,association,3,1
1026,political organization,company or gov. agency,3,1
772,labor union | organization,company or gov. agency,3,2
410,college | public educational institution of the united states,educational institution,3,2
416,collegiate university | educational organization | organization | public research university,company or gov. agency,3,4
423,commission and consultative or deliberative ministerial body,association,3,1
424,committee,association,3,1
780,land-grant university | open-access publisher | public educational institution of the united states | public university | research university,public university,3,5
785,land-grant university | public educational institution of the united states | public research university | university,university,3,4
787,land-grant university | public educational institution of the united states | university,university,3,3
792,language regulator,association,3,1
330,catholic university | jesuit university | open-access publisher | private university,private university,3,4
331,catholic university | jesuit university | organization | university,company or gov. agency,3,4
978,open-access publisher | school of education,educational institution,3,2
813,legislative branch agency | national library | parliamentary archives | united nations depository library,other archive,3,4
814,legislative term,association,3,1
130,archive | art museum | library | national library | welsh government sponsored body,other archive,3,5
132,archive | building,other archive,3,2
831,library | national archives | national library | open-access repository,national archive,3,4
842,local government archive | municipal archive,municipal archive,3,2
854,main library | national library,association,3,2
871,medical check-up | voluntary association,association,3,2
901,municipal library,association,3,1
903,municipality of the netherlands,association,3,1
121,architectural structure | secondary school,educational institution,3,2
913,national academy,scientific organisation,3,1
921,national library,association,3,1
925,national research university,university,3,1
350,charitable organization | geographical society | national academy | scientific society,company or gov. agency,3,4
351,charitable organization | historical society,company or gov. agency,3,2
359,charitable organization | public university,company or gov. agency,3,2
947,open-access publisher | organization | public university | university,company or gov. agency,3,4
948,open-access publisher | organization | publishing company | voluntary association,company or gov. agency,3,4
953,open-access publisher | private not-for-profit educational institution | private university,private university,3,3
14,academic institution | public university,public university,3,2
1154,university campus,university,3,1
27,academic publisher | catholic university | educational institution | organization,company or gov. agency,3,4
531,educational institution | institute,educational institution,3,2
538,educational institution | open-access publisher | university,university,3,3
198,art archive | collection catalog,other archive,3,2
34,academic publisher | institute of technology | institute of technology | private not-for-profit educational institution | space grant institution | university,institute of technology,3,6
45,academy of sciences and arts,academy of sciences,3,1
1119,secondary school,educational institution,3,1
1123,social movement,association,3,1
274,building,association,3,1
1131,state public university,public university,3,1
1132,state regional archive (czechia),other archive,3,1
1135,student society,learned society,3,1
1,501(c)(3) organization | group of structures or buildings | private not-for-profit educational institution | private university | research university,company or gov. agency,3,5
1170,writers union,association,2,1
20,academic library | library network,association,2,2
284,building | ies,educational institution,2,2
283,building | former educational institution,educational institution,2,2
1116,scientific archive,other archive,2,1
1104,research institute | unité propre de recherche,research organisation,2,2
1095,radio station,association,2,1
194,art academy | kunstgewerbeschule,educational institution,2,2
193,art academy | grande école | museum,public university,2,3
544,educational institution | research center,educational institution,2,2
532,educational institution | institute of the russian academy of sciences,educational institution,2,2
526,educational institution | faculty of law,educational institution,2,2
1169,women's college,educational institution,2,1
1152,university archive,other archive,2,1
1149,unicameral legislature,association,2,1
1159,upper secondary school in finland,educational institution,2,1
1158,university-preparatory school,university,2,1
958,open-access publisher | production company | public research university,university,2,3
957,open-access publisher | private university | public educational institution of the united states | public–private partnership | research university,private university,2,5
955,open-access publisher | private not-for-profit educational institution | research institute | university,university,2,4
951,open-access publisher | pontifical university | private university,private university,2,3
950,open-access publisher | ottoman association | public university,public university,2,3
939,normal school,educational institution,2,1
938,non-governmental organization | trade union federation,company or gov. agency,2,2
363,choir,association,2,1
357,charitable organization | medical check-up,company or gov. agency,2,2
930,national university | open-access publisher | research university,university,2,3
127,archive association | association under the french law of 1901,other archive,2,2
115,architectural landmark | institute for marxism-leninism | publishing company | research institute,research organisation,2,4
366,church archive,other archive,2,1
897,municipal archive | museum,municipal archive,2,2
888,ministry of culture | ministry of italy,association,2,2
880,military museum,scientific organisation,2,1
869,"medical check-up | studentenverbindung, catholic",association,2,2
866,medical check-up | private association of the christian faithful,association,2,2
860,mediawiki wiki | wikimedia project,association,2,2
856,main library | public library,association,2,2
853,main library,association,2,1
843,local internet registry | open-access publisher | organization | public university,company or gov. agency,2,4
386,club | learned society,learned society,2,2
247,boarding school,educational institution,2,1
244,big city | commune of france,association,2,2
134,archive | cantonal archive | memory institution | state archives,state archive,2,4
133,archive | building complex,other archive,2,2
131,archive | budget management department | national archives,national archive,2,3
979,open-access publisher | state university system | university,university,2,3
977,open-access publisher | research university | university,university,2,3
974,open-access publisher | public university | research university,public university,2,3
966,open-access publisher | public research university | university,university,2,3
343,cemetery | private not-for-profit educational institution | university | women's college,university,2,4
340,catholic university | private university,private university,2,2
339,catholic university | private not-for-profit educational institution | university,university,2,3
338,catholic university | private not-for-profit educational institution | private university | research university,private university,2,4
334,catholic university | open-access publisher | pontifical university | private university | research institute,private university,2,5
100,archaeological museum | art museum,scientific organisation,2,2
98,archaeographic commission,association,2,1
960,open-access publisher | public educational institution of the united states | public research university | publishing company,university,2,4
959,open-access publisher | production company | public university,public university,2,3
805,learned society | organization | scientific society,company or gov. agency,2,3
803,learned society | open-access publisher,learned society,2,2
801,learned society | medical check-up | professional association | publishing company,learned society,2,4
799,learned society | medical check-up,learned society,2,2
797,law school,educational institution,2,1
794,language regulator | national academy | organization,company or gov. agency,2,3
400,college of the university of oxford,university,2,1
399,college of the university of lancaster | residential college,university,2,2
397,college of the university of cambridge,university,2,1
395,college of music | conservatory | school building,educational institution,2,3
793,language regulator | learned society | national academy,learned society,2,3
790,landsmannschaft,association,2,1
786,land-grant university | public educational institution of the united states | public university | research university,public university,2,4
783,land-grant university | public educational institution of the united states | public research university | publishing company,university,2,4
781,land-grant university | private not-for-profit educational institution | private university | research university | sun grant institution,private university,2,5
778,land-grant university | open-access publisher | public educational institution of the united states | public research university | public university,public university,2,5
776,land-grant university | open-access publisher | production company | public educational institution of the united states | public research university | school,university,2,6
417,collegiate university | medical check-up,university,2,2
411,college | school of education,educational institution,2,2
409,college | private not-for-profit educational institution | university campus,university,2,3
408,college | private not-for-profit educational institution,educational institution,2,2
771,labor union,association,2,1
768,kirch,association,2,1
1020,parliamentary assembly,association,2,1
324,catholic seminary | university building,university,2,2
322,catholic seminary,association,2,1
321,catholic school | gymnasium | piarist school,educational institution,2,3
309,canton of switzerland,association,2,1
88,advisory board,association,2,1
85,academy | voluntary association,learned society,2,2
1005,organization | scientific society,company or gov. agency,2,2
1003,organization | school,company or gov. agency,2,2
999,organization | publishing company | social movement | sports organization | voluntary association,company or gov. agency,2,5
984,organ of state,association,2,1
763,jesuit university | private university | research university,private university,2,3
757,international organization,company or gov. agency,2,1
233,autonomous university | comprehensive academic and research university | corporation | open-access publisher | public research university,company or gov. agency,2,5
232,athenaeum | organization,company or gov. agency,2,2
230,astronomical observatory | research institute,research organisation,2,2
752,intergovernmental organization | international organization,company or gov. agency,2,2
747,institution | study center,association,2,2
743,institute | organization,company or gov. agency,2,2
738,institute of technology | public university,institute of technology,2,2
737,institute of technology | public research university | university of excellence,institute of technology,2,3
734,institute of technology | organization | public university | research institute | university of excellence,institute of technology,2,5
721,imperial university of the russian empire | university,university,2,2
151,archive | executive branch | federal agency | government agency,other archive,2,4
455,constituent college | educational organization | higher education institution | public research university,company or gov. agency,2,4
715,hospitaller order | order of chivalry | religious military order,association,2,3
713,hospital,association,2,1
711,history museum | national museum,scientific organisation,2,2
693,historical archive | municipal archive,municipal archive,2,2
687,higher education institution | school building,educational institution,2,2
684,higher education institution | public research university | public university | university in france,public university,2,4
683,higher education institution | public educational institution of the united states,educational institution,2,2
677,high school | school building,educational institution,2,2
671,herald's office,association,2,1
668,gymnasium | school building,educational institution,2,2
662,gymnasium | humanistic gymnasium,educational institution,2,2
656,grand établissement | public university,public university,2,2
648,government organization,company or gov. agency,2,1
645,government agency | publishing company,association,2,2
644,government agency | national archives | national library | public library,national archive,2,4
176,archive | public archive | state archives,state archive,2,3
475,czech research institution | institute,research organisation,2,2
474,czech research institution | facility | institute | publishing company,research organisation,2,4
462,creative union in the soviet union | organization | writers union,company or gov. agency,2,3
173,archive | organization,company or gov. agency,2,2
169,archive | onlus,other archive,2,2
1072,public research university | university in france,university,2,2
1071,public research university | university,university,2,2
1065,public educational institution of the united states | university campus,university,2,2
259,boarding school | independent school | public school,educational institution,2,3
78,academy | institution,learned society,2,2
77,academy | historical society,learned society,2,2
75,academy | charitable organization | organization,company or gov. agency,2,3
1053,provincial deputation,association,2,1
1050,professional association | voluntary association,association,2,2
1048,production company | public research university | research institute,university,2,3
1047,private university,private university,2,1
1040,private not-for-profit educational institution | private university | research university | school,private university,2,4
162,archive | monastery,other archive,2,2
161,archive | memory institution | municipal archive,municipal archive,2,3
639,governing body,association,2,1
212,art museum | museum | national museum | non-departmental public body,scientific organisation,2,4
631,geographical society | non-governmental organization,company or gov. agency,2,2
630,geographical society,learned society,2,1
628,general education liceum,association,2,1
613,former convent | state archive | state archives,state archive,2,3
609,foreign affairs ministry | ministry,association,2,2
605,flagship university | higher education in russia | open-access publisher,university,2,3
602,felibrean school | learned society,learned society,2,2
601,felibrean school,educational institution,2,1
600,federal scientific institute | national archives,national archive,2,2
598,federal agency of germany | research institute,research organisation,2,2
501,departmental council,association,2,1
492,database | language regulator,association,2,2
488,czech research institution | university,university,2,2
487,czech research institution | publishing company | university,university,2,3
593,faculty | graduate school,university,2,2
583,faculty of humanities | philosophy faculty,university,2,2
582,faculty of humanities,university,2,1
578,facility | institute | institute of the russian academy of sciences | museum,academy of sciences,2,4
188,art academy | building | open-access publisher,educational institution,2,3
185,archives association,other archive,2,1
181,archive | state agency of the united states,other archive,2,2
180,archive | scientific society,other archive,2,2
61,academy of sciences | national academy | open-access publisher,academy of sciences,2,3
59,academy of sciences | medical check-up | national academy,academy of sciences,2,3
301,business | open-access publisher | public university,public university,2,3
294,burschenschaft | q1810925,association,2,2
290,building | regional state archives,state archive,2,2
289,building | private not-for-profit educational institution | university,university,2,3
288,building | national library | open-access publisher | united nations depository library,association,2,4
53,academy of sciences | educational institution | research institute,educational institution,2,3
50,academy of sciences | building | language regulator | open-access publisher,academy of sciences,2,4
49,academy of sciences | building of public administration,academy of sciences,2,2
178,archive | regional archive,other archive,2,2
562,educational organization | library,company or gov. agency,2,2
559,educational organization | higher education institution | public university,company or gov. agency,2,3
555,educational organization | higher education institution | open-access publisher | public research university,company or gov. agency,2,4
554,educational organization | higher education institution | open-access publisher | organization | public research university | university,company or gov. agency,2,6
514,ecclesiastical university,university,2,1
506,digital library | medical check-up | web archive | website,other archive,2,4
504,dicastery | roman college,educational institution,2,2
502,departments of the roman curia | national library | office of the roman curia,association,2,3
208,art museum | medical check-up,scientific organisation,2,2
13,academic institution | organization,company or gov. agency,2,2
9,academic institution | faculty,university,2,2
0,501(c)(3) organization,company or gov. agency,1,1
3,abbey | monastery | museum,scientific organisation,1,3
5,academic district,association,1,1
6,academic hall of the university of oxford | building,university,1,2
282,building | faculty,university,1,2
280,building | cultural property | upper secondary school in norway,educational institution,1,3
279,building | catholic seminary,association,1,2
278,building | catholic school,educational institution,1,2
277,building complex | national research university,university,1,2
276,building complex | gymnasium,educational institution,1,2
273,budget management department | government agency,association,1,2
1167,wikimedia disambiguation page,association,1,1
1166,wikimedia chapter,association,1,1
1165,web portal,association,1,1
1164,vorfeldorganisation,association,1,1
1163,voluntary association | wikimedia thematic organization,company or gov. agency,1,2
1161,veterans' organization,company or gov. agency,1,1
1122,seminary | university,university,1,2
1120,security agency,association,1,1
1117,scientific organization,company or gov. agency,1,1
199,art archive | literary archive,other archive,1,2
197,art academy | university of applied sciences (switzerland),university,1,2
196,art academy | private not-for-profit educational institution | private university,private university,1,3
195,art academy | open-access publisher | research center,educational institution,1,3
543,educational institution | q113302088,educational institution,1,2
541,educational institution | organization | university,company or gov. agency,1,3
540,educational institution | organization | research institute,company or gov. agency,1,3
539,educational institution | organization | public research institution in france,company or gov. agency,1,3
535,educational institution | open-access publisher,educational institution,1,2
534,educational institution | national research university | open-access publisher | public university,public university,1,4
533,educational institution | language school,educational institution,1,2
530,educational institution | grande école,public university,1,2
528,educational institution | french umr,educational institution,1,2
527,educational institution | foundation | research center | research institute,educational institution,1,4
2,abbey | art museum | monastery | ortschaft,scientific organisation,1,4
1150,united states senior military college,educational institution,1,1
513,dynasty,association,1,1
512,division | national library,association,1,2
511,distance education university | open-access publisher | public research university | public university,public university,1,4
510,directorate-general,association,1,1
509,diocese of the catholic church,association,1,1
507,digital library | national library | open-access publisher,association,1,3
505,dictionary | mediawiki wiki | user-generated content platform | wikimedia project,association,1,4
503,development bank | international financial institution,association,1,2
545,educational institution | research institute,educational institution,1,2
207,art museum | former hospital | hospital | tapestry museum,scientific organisation,1,4
206,art museum | database,scientific organisation,1,2
205,art museum | collection,scientific organisation,1,2
204,art museum | château | museum | palace | royal palace,scientific organisation,1,5
202,art group | artist collective,association,1,2
201,art gallery | heritage site,association,1,2
200,art exhibition | organization,company or gov. agency,1,2
568,educational organization | university campus,company or gov. agency,1,2
567,educational organization | public university,company or gov. agency,1,2
566,educational organization | public research university,company or gov. agency,1,2
565,educational organization | open-access publisher | university,company or gov. agency,1,3
563,educational organization | open-access publisher | public research university,company or gov. agency,1,3
560,educational organization | higher education institution | public university | university,company or gov. agency,1,4
557,educational organization | higher education institution | organization | university,company or gov. agency,1,4
553,educational organization | gymnasium | kindergarten | primary school | religious school | seminary | university dormitory,company or gov. agency,1,7
552,educational organization,company or gov. agency,1,1
550,educational institution | state agency of north carolina | state university system,university,1,3
549,educational institution | specialized educational institution,educational institution,1,2
548,educational institution | seminary,educational institution,1,2
547,educational institution | school | type of educational institution,educational institution,1,3
521,educational facility | lycée | public school,research facility,1,3
520,educational facility | lycée,research facility,1,2
515,economic affairs ministry | finance ministry | ministry,association,1,3
589,faculty | faculty of history | philosophy faculty,university,1,3
584,faculty of humanities | publishing company,university,1,2
581,faculty of history | unibuc faculty,university,1,2
191,art academy | educational organization,company or gov. agency,1,2
190,art academy | educational institution,educational institution,1,2
183,archive | superior graduate school in italy,other archive,1,2
182,archive | state institutional archive,other archive,1,2
179,archive | residential building,other archive,1,2
576,ethnographic museum | museum building | museum of culture,scientific organisation,1,3
575,ethnographic museum | museum,scientific organisation,1,2
574,ethnic identity | international organization | medical check-up,company or gov. agency,1,3
573,ethics council,association,1,1
572,enterprise | film production company | organization | public broadcaster | publishing company,company or gov. agency,1,5
571,english country house | public school,educational institution,1,2
570,eingetragener verein | veterans' organization,company or gov. agency,1,2
569,educational stage | qualification,association,1,2
603,first order | mendicant order | organization,company or gov. agency,1,3
599,federal government,association,1,1
597,family,association,1,1
499,department of the united kingdom government | foreign affairs ministry,association,1,2
498,department of social sciences,association,1,1
497,defunct organization | ministry of labour,company or gov. agency,1,2
496,defunct organization | educational institution,company or gov. agency,1,2
495,defunct museum | think tank,scientific organisation,1,2
494,day school | grundschule | school building,educational institution,1,3
491,daily newspaper | newspaper | publishing company,association,1,3
486,czech research institution | publishing company | research institute,research organisation,1,3
484,czech research institution | open-access publisher | university,university,1,3
483,czech research institution | open-access publisher | public university | publishing company | university,public university,1,5
482,czech research institution | open-access publisher | public university | publishing company,public university,1,4
594,faculty | law school,university,1,2
592,faculty | faculty of physics,university,1,2
627,genealogical society | organization,company or gov. agency,1,2
626,fürstenschule | gymnasium,educational institution,1,2
625,friary | state archive,state archive,1,2
624,fraternity,association,1,1
623,fraternal organization,company or gov. agency,1,1
622,foundation | museum | museum building,scientific organisation,1,3
620,former political party | führerpartei | political party in germany,association,1,3
618,former entity | normal school,educational institution,1,2
616,former entity | landeskirche,association,1,2
612,former administrative territorial entity | historical country,association,1,2
611,foreign affairs ministry | ministry of the czech republic,association,1,2
610,foreign affairs ministry | ministry of poland,association,1,2
608,foreign affairs ministry | government agency | united states federal executive department,association,1,3
607,foral diputation | government,association,1,2
606,folk high school,educational institution,1,1
604,first order | monastic order,association,1,2
637,girls' school | school,educational institution,1,2
636,girls' school | independent school | secondary school,educational institution,1,3
635,girls' school | high school | independent school,educational institution,1,3
224,association | historical society | magazine,learned society,1,3
223,association | database | network | voluntary association,association,1,4
222,association of the christian faithful | church movement | ecumenism | fraternity | international association of the faithful | lay movement,association,1,6
220,asociación de utilidad pública | medical check-up | wikimedia chapter,association,1,3
219,arts center,association,1,1
218,artistic association | professional association,association,1,2
217,artist collective,association,1,1
216,art society | photo club,learned society,1,2
215,art society | non-governmental organization | writers union,company or gov. agency,1,3
214,art museum | national museum | production company,scientific organisation,1,3
211,art museum | museum,scientific organisation,1,2
480,czech research institution | museum | publishing company,research organisation,1,3
632,german state agency,association,1,1
479,czech research institution | museum | organization,company or gov. agency,1,3
477,czech research institution | museum,research organisation,1,2
476,czech research institution | institute | research institute,research organisation,1,3
473,czech research institution | facility | institute,research organisation,1,3
472,czech research institution | educational organization | government agency,company or gov. agency,1,3
471,cultural property | heritage site | open-access publisher | public research university,university,1,4
470,cultural institution | museum,scientific organisation,1,2
469,cultural institution | library network | listed municipal library | online database,association,1,4
466,cultural association | organization,company or gov. agency,1,2
465,cultural association | medical check-up,association,1,2
174,archive | photo library | search engine | user-generated content platform | wiki with script conversion | wikimedia content project | wikimedia project | wikimedia sister projects,other archive,1,8
167,archive | national library,other archive,1,2
164,archive | municipal archive | q135474690,municipal archive,1,3
163,archive | municipal archive,municipal archive,1,2
640,government,association,1,1
638,gossip magazine | newspaper | tabloid,association,1,3
666,gymnasium | religious school,educational institution,1,2
665,gymnasium | primary school | religious school,educational institution,1,3
664,gymnasium | humanistic gymnasium | school building,educational institution,1,3
663,gymnasium | humanistic gymnasium | latin school | music college | q1981640,educational institution,1,5
660,guild house | independent museum,scientific organisation,1,2
659,guild,association,1,1
658,group of poets,association,1,1
657,grande école | higher education institution | école normale supérieure,public university,1,3
652,grammar school | school building,educational institution,1,2
651,graduate school,educational institution,1,1
650,government-in-exile | political organization,company or gov. agency,1,2
649,government organization | state district archive,company or gov. agency,1,2
647,government body of australia | production company | public university,public university,1,3
646,government agency | research institute,research organisation,1,2
642,government agency in bulgaria | national archives,national archive,1,2
175,archive | public archive,other archive,1,2
695,historical commission for eastern europe,association,1,1
691,historic building | research library,research organisation,1,2
690,higher party school,educational institution,1,1
689,higher federal authority | national defense university | public university,public university,1,3
688,higher education institution | seminary,educational institution,1,2
686,higher education institution | school,educational institution,1,2
681,higher education institution directly under ministry of education of the people’s republic of china | public university | vice-ministerial level university,public university,1,3
679,higher conservatory of music,association,1,1
678,high school | university dormitory,university,1,2
676,high school | public school | secondary school,educational institution,1,3
675,high school | public school,educational institution,1,2
673,heritage society,learned society,1,1
672,heraldic society,learned society,1,1
670,gymnasium | university dormitory,university,1,2
669,gymnasium | secondary school,educational institution,1,2
667,gymnasium | school,educational institution,1,2
444,confraternity,association,1,1
717,ideell förening | medical check-up,association,1,2
716,human | person,association,1,2
714,hospital | istituto di ricovero e cura a carattere scientifico | public hospital | university hospital,university,1,4
712,hochschule,association,1,1
710,history museum,scientific organisation,1,1
709,historically black college or university | public educational institution of the united states | university,university,1,3
708,historically black college or university | private not-for-profit educational institution | women's college in the united states,university,1,3
707,historically black college or university | private not-for-profit educational institution | private university,private university,1,3
706,historical society | scientific society,scientific organisation,1,2
705,historical society | publishing company,learned society,1,2
704,historical society | organization | regulatory college,company or gov. agency,1,3
702,historical society | medical check-up | museum,scientific organisation,1,3
701,historical society | learned society | medical check-up | trade union federation,learned society,1,4
699,historical society | history museum | medical check-up | museum,scientific organisation,1,4
697,historical commission | historical society,learned society,1,2
146,archive | departmental archives,other archive,1,2
145,archive | department,other archive,1,2
719,image database | memory institution | photo archive | photo library | specialized archive | university archive,other archive,1,6
461,creative union in the soviet union | organization,company or gov. agency,1,2
460,court,association,1,1
459,county council | non-metropolitan county council,association,1,2
454,constituent college | educational organization | higher education institution | open-access publisher | public research university,company or gov. agency,1,5
453,conservatory | theatre company,association,1,2
452,conservatory | school building,educational institution,1,2
451,conservatory | music school | organization,company or gov. agency,1,3
450,conservatory | grande école,public university,1,2
449,conservatory | drama school | public university,public university,1,3
448,conservatory,association,1,1
447,conservation organization | hiking club | medical check-up,company or gov. agency,1,3
446,conservation library | library of an italian territorial body | museum,scientific organisation,1,3
445,congress,association,1,1
727,information school,educational institution,1,1
726,information ministry,association,1,1
725,independent school | school,educational institution,1,2
722,independent agency of the united states government,association,1,1
160,archive | memory institution,other archive,1,2
159,archive | library | service interétablissement de coopération documentaire | university museum,other archive,1,4
158,archive | library | museum,other archive,1,3
157,archive | library,other archive,1,2
156,archive | historical archive | state archives,state archive,1,3
154,archive | higher education institution | library,other archive,1,3
153,archive | foundation,other archive,1,2
152,archive | film archive,other archive,1,2
150,archive | emergency department | emergency medical services,other archive,1,3
149,archive | educational institution | research center,other archive,1,3
148,archive | division of an educational institution | facility,other archive,1,3
147,archive | deputazione di storia patria,other archive,1,2
754,interior ministry | new zealand public service department,association,1,2
753,intergovernmental organization | specialized agency of the united nations,company or gov. agency,1,2
751,intelligence agency | military police | security agency,association,1,3
750,intelligence agency | military branch,association,1,2
749,intelligence agency,association,1,1
748,institutional archive,other archive,1,1
746,institution | municipal archive | publishing company,municipal archive,1,3
742,institute | institution | medical check-up,research organisation,1,3
741,institute of the russian academy of sciences | research institute,academy of sciences,1,2
739,institute of technology | public university | research institute,institute of technology,1,3
736,institute of technology | public educational institution of the united states | public research university,institute of technology,1,3
733,institute of technology | organization,institute of technology,1,2
732,institute for marxism-leninism | research institute,research organisation,1,2
730,inns of court,association,1,1
729,information school | university,university,1,2
728,information school | library school,educational institution,1,2
760,jesuit school,educational institution,1,1
759,international organization | scientific organization,company or gov. agency,1,2
758,international organization | research institute,company or gov. agency,1,2
240,bibliographic database | national library,association,1,2
239,bank | körperschaft des öffentlichen rechts,association,1,2
238,ballet school | medical check-up,educational institution,1,2
237,ballet company | dance organization,company or gov. agency,1,2
235,award | cultural prize,association,1,2
231,athenaeum | medical check-up,association,1,2
229,association | philatelic organization | umbrella organization,company or gov. agency,1,3
228,association | philanthropic organization,company or gov. agency,1,2
226,association | non-governmental organization,company or gov. agency,1,2
225,association | medical check-up | professional association,association,1,3
427,company,association,1,1
756,international non-governmental organization,company or gov. agency,1,1
755,international financial institution | specialized agency of the united nations,association,1,2
775,land-grant university | neighborhood | public educational institution of the united states | public university | research university | sun grant institution | university,public university,1,7
426,community college | public educational institution of the united states,educational institution,1,2
425,commune of france,association,1,1
422,commercial organization | national railway | railway company,company or gov. agency,1,3
419,colonial colleges | open-access publisher | private not-for-profit educational institution | private university | research university,private university,1,5
415,collegiate university | educational organization | higher education institution | public research university,company or gov. agency,1,4
413,colleges that change lives | liberal arts college | private not-for-profit educational institution,educational institution,1,3
412,college | women's college,educational institution,1,2
407,college | open-access publisher | private not-for-profit educational institution | university,university,1,4
774,laboratory,research facility,1,1
773,labor union | writers union,association,1,2
769,kolleg | q20197976 | school,educational institution,1,3
766,justice ministry | ministry,association,1,2
765,jewish organization | medical check-up | publishing company | research institute,company or gov. agency,1,4
764,jewish library | public library,association,1,2
761,jesuit school | school,educational institution,1,2
406,college | lycée,educational institution,1,2
405,college | historically black college or university | school,university,1,3
404,college | gymnasium,educational institution,1,2
403,college | former educational institution,educational institution,1,2
402,college | educational organization | higher education institution | organization | university,company or gov. agency,1,5
396,college of music | drama school | hochschule | public educational institution,educational institution,1,4
394,college of durham university,university,1,1
392,collection | public educational institution of the united states | university,university,1,3
391,collection | open-access publisher | university in british columbia,university,1,3
390,collection | municipal archive,municipal archive,1,2
389,collection | jewish museum | memory institution | museum collection,scientific organisation,1,4
387,colegio profesional,association,1,1
791,landsmannschaft | q109851611 | umbrella organization | vertriebenenverband,company or gov. agency,1,4
788,land-grant university | public educational institution of the united states | university campus,university,1,3
779,land-grant university | open-access publisher | public educational institution of the united states | public university,public university,1,4
777,land-grant university | open-access publisher | public educational institution of the united states | public research university,university,1,4
142,archive | czech research institution | institute | publishing company,other archive,1,4
141,archive | current archive | deposit archive | diocesan archive | historical archive,other archive,1,5
140,archive | cultural institution,other archive,1,2
139,archive | cultural heritage ensemble,other archive,1,2
138,archive | conservation library | library of an italian territorial body,other archive,1,3
137,archive | collection | research institute,other archive,1,3
136,archive | collection | library,other archive,1,3
135,archive | charitable trust | film archive,other archive,1,3
816,liberal arts college in the united states | private not-for-profit educational institution,educational institution,1,2
815,lexicon | online database,association,1,2
812,legal person | university,university,1,2
810,learned society | text publication society,learned society,1,2
808,learned society | scientific journal,learned society,1,2
800,learned society | medical check-up | organization,company or gov. agency,1,3
796,law enforcement agency,association,1,1
795,language society (17th an 18th century),learned society,1,1
835,library | regional library | state libraries of germany,educational institution,1,3
834,library | qahal,association,1,2
833,library | national library | public library,association,1,3
832,library | national library,association,1,2
830,library | national archives | national library,national archive,1,3
829,library | museum,scientific organisation,1,2
828,library | main library,association,1,2
827,library of an italian territorial body | public library,association,1,2
826,library of an italian territorial body | media library | public library,association,1,3
825,library network | public library,association,1,2
823,library building | public library,association,1,2
821,library association | voluntary association,association,1,2
820,library association | professional society,learned society,1,2
819,library association,association,1,1
144,archive | database,other archive,1,2
143,archive | czech research institution | publishing company | state regional archive (czechia),other archive,1,4
838,literary archive | museum,other archive,1,2
256,boarding school | first school | primary school | private school | university-preparatory school,university,1,5
255,boarding school | college | independent school,educational institution,1,3
254,boarding school | charitable organization | independent school | sports venue,company or gov. agency,1,4
253,boarding school | charitable organization | independent school,company or gov. agency,1,3
252,boarding school | charitable organization | girls' school | independent school | school,company or gov. agency,1,5
251,boarding school | catholic school | independent school | mixed-sex education,educational institution,1,4
250,boarding school | catholic school | independent school,educational institution,1,3
248,boarding school | boys' school | independent school,educational institution,1,3
246,bilingual school,educational institution,1,1
245,big city | commune of italy,association,1,2
243,big city | college town | commune of france | commune of france with specific status,educational institution,1,4
242,big city | city | college town | federal city | major regional center | urban district of north rhine-westphalia | urban municipality in germany,educational institution,1,7
241,big city | cantonal capital of switzerland | city of switzerland | college town | municipality of switzerland,educational institution,1,5
837,lineage society,learned society,1,1
836,library | state library of germany | united nations depository library | universal library,association,1,4
867,medical check-up | professional association,association,1,2
865,medical check-up | party political foundation in germany | publishing company | think tank,association,1,4
864,medical check-up | non-governmental organization,company or gov. agency,1,2
863,medical check-up | museum | museum building,scientific organisation,1,3
862,medical check-up | migration museum | museum,scientific organisation,1,3
859,media company | university,university,1,2
858,max planck institute | medical check-up,research organisation,1,2
857,main library | research library,research organisation,1,2
851,lycée | school building,educational institution,1,2
849,lyceum | secondary school,educational institution,1,2
848,lyceum | school | school building,educational institution,1,3
847,lyceum,association,1,1
846,lower secondary school,educational institution,1,1
845,local museum,scientific organisation,1,1
840,literary magazine | periodical,association,1,2
839,literary archive | specialized archives,other archive,1,2
887,ministry of culture,association,1,1
886,ministry,association,1,1
885,military unit | school,educational institution,1,2
884,military school | national school,educational institution,1,2
883,military school,educational institution,1,1
881,military museum | national museum,scientific organisation,1,2
879,military academy,educational institution,1,1
878,metropolitan borough council,association,1,1
877,mendicant order | organization,company or gov. agency,1,2
876,memory institution | specialized archive,other archive,1,2
875,memory institution | private archive | specialized archive,other archive,1,3
874,membership organization,company or gov. agency,1,1
873,medical school,educational institution,1,1
872,medical check-up | wikimedia chapter,association,1,2
870,medical check-up | vexillological society,learned society,1,2
868,medical check-up | service club,association,1,2
910,music museum | organization,company or gov. agency,1,2
909,music archive | music library | voluntary association,other archive,1,3
908,museum-reserve,scientific organisation,1,1
907,museum | palace,scientific organisation,1,2
906,museum archive | specialized archives,other archive,1,2
905,museum alliance,scientific organisation,1,1
902,municipality,association,1,1
900,municipal archive | regional historic center,municipal archive,1,2
898,municipal archive | public service | q65934161,municipal archive,1,3
895,monument | museum,scientific organisation,1,2
894,ministry | ministry of the colonies,educational institution,1,2
893,ministry | ministry of culture | open-access publisher,association,1,3
892,ministry of the government of andalusia,association,1,1
891,ministry of spain,association,1,1
890,ministry of hungary,association,1,1
889,ministry of education,association,1,1
384,classical college | private school | secondary school,educational institution,1,3
383,classe préparatoire aux grandes écoles | school,educational institution,1,2
382,classe préparatoire aux grandes écoles | college in france | lycée,educational institution,1,3
379,cité scolaire | educational facility | lycée,research facility,1,3
378,city of switzerland | municipality of switzerland,association,1,2
377,city museum | local museum,scientific organisation,1,2
376,cinematheque | movie theater,association,1,2
374,cinematheque | film archive | movie theater,other archive,1,3
373,cinematheque | film archive | film museum | movie theater | museum,other archive,1,5
372,cinematheque,association,1,1
371,château | cultural heritage site in ukraine | history museum | palace complex | park,scientific organisation,1,5
370,church of england school | secondary school,educational institution,1,2
369,church college | college | private not-for-profit educational institution,educational institution,1,3
368,church building | cultural property | museum building | school,scientific organisation,1,4
365,christian denomination | united and uniting churches,association,1,2
911,musical ensemble | musical group,association,1,2
920,national archives | swedish government agency,national archive,1,2
919,national archives | real property,national archive,1,2
918,national archives | public archive,national archive,1,2
914,national academy | scientific society,scientific organisation,1,2
128,archive network | government agency | library consortium | library network,other archive,1,4
126,archive association | association,other archive,1,2
124,archival repository | archives | memory institution | public archive,other archive,1,4
123,architectural style | art movement | arts educational institution | institution,educational institution,1,4
122,architectural structure | vocational school,educational institution,1,2
120,architectural structure | former school building,educational institution,1,2
119,architectural structure | archive | art museum | library,other archive,1,4
118,architectural museum,scientific organisation,1,1
117,architectural landmark | school,educational institution,1,2
116,architectural landmark | library,association,1,2
114,architectural landmark | gymnasium,educational institution,1,2
113,architectural landmark | drama school | university,university,1,3
356,charitable organization | learned society | limited company,company or gov. agency,1,3
354,charitable organization | international association of the faithful | religious order | voluntary association,company or gov. agency,1,4
353,charitable organization | independent school | school,company or gov. agency,1,3
352,charitable organization | independent school,company or gov. agency,1,2
349,charitable organization | educational organization | higher education institution | university,company or gov. agency,1,4
348,chapter,association,1,1
347,chamber of deputies | elected legislative house | parliament,educational institution,1,3
932,network or movement of the french resistance,association,1,1
931,naval museum,scientific organisation,1,1
929,national university | open-access publisher | public university,public university,1,3
928,national university,university,1,1
927,national trade union center,association,1,1
926,national research university | open-access publisher,university,1,2
924,national museum | science museum | technology museum,scientific organisation,1,3
923,national museum | numismatic collection,scientific organisation,1,2
922,national museum,scientific organisation,1,1
104,archaeological museum | national museum,scientific organisation,1,2
102,archaeological museum | ethnographic museum | monument,scientific organisation,1,3
101,archaeological museum | art museum | national museum,scientific organisation,1,3
99,archaeological museum,scientific organisation,1,1
952,open-access publisher | pontifical university | research university,university,1,3
943,online newspaper | radio station,association,1,2
942,online database | series | written work,educational institution,1,3
941,normal school | public educational institution of the united states | university,university,1,3
940,normal school | open-access publisher | university,university,1,3
936,non-departmental public body | research council,research organisation,1,2
935,newspaper | periodical,association,1,2
934,newspaper | organization,company or gov. agency,1,2
364,choral group | studentenverbindung,association,1,2
362,chinese-language internet encyclopedia | mediawiki instance | wiki with script conversion | wikipedia language edition,association,1,4
361,chartered company,association,1,1
358,charitable organization | organization,company or gov. agency,1,2
112,architectural landmark | building | national archives,national archive,1,3
346,chamber of deputies | chamber of parliament,educational institution,1,2
345,central committee,association,1,1
344,census-designated place in the united states | land-grant university | open-access publisher | public educational institution of the united states | university,university,1,5
342,cegep,association,1,1
337,catholic university | pontifical university | private university,private university,1,3
336,catholic university | pontifical university,university,1,2
335,catholic university | open-access publisher | private not-for-profit educational institution | private university,private university,1,4
332,catholic university | open-access publisher,university,1,2
328,catholic theological faculty | seminary,university,1,2
111,architectural landmark | archive | national library | public library,other archive,1,4
110,architectural landmark | archive | film archive | medical check-up | photo library | state archives,state archive,1,6
109,architectural landmark | archive,other archive,1,2
107,architectural heritage monument | architectural structure | building | museum,scientific organisation,1,4
106,architectural ensemble | museum | natural history museum,scientific organisation,1,3
105,archaeological society | charitable organization | geolocatable entity | governing body | organization,company or gov. agency,1,5
998,organization | publishing company,company or gov. agency,1,2
995,organization | public research university | public university | university of applied sciences | university of excellence,company or gov. agency,1,5
992,organization | public association,company or gov. agency,1,2
991,organization | private not-for-profit educational institution | school | university,company or gov. agency,1,4
990,organization | political party wing,company or gov. agency,1,2
989,organization | political party,company or gov. agency,1,2
988,organization | political movement | women's organization,company or gov. agency,1,3
987,organization | paramilitary organization,company or gov. agency,1,2
986,organization established by the united nations,company or gov. agency,1,1
983,opera company,association,1,1
973,open-access publisher | public university | research institute,public university,1,3
972,open-access publisher | public university | publishing company,public university,1,3
968,open-access publisher | public research university | university in ontario,university,1,3
967,open-access publisher | public research university | university in france,university,1,3
963,open-access publisher | public educational institution | university,university,1,3
961,open-access publisher | public educational institution of the united states | public university,public university,1,3
93,alcohol monopoly | business | state-owned enterprise,association,1,3
92,aid agency | political organization,company or gov. agency,1,2
91,aid agency | foundation | medical check-up,association,1,3
90,aerospace manufacturer | automobile manufacturer | organization | public company | tractor brand,company or gov. agency,1,5
89,advocacy group,association,1,1
87,advice centre,association,1,1
86,administration municipale of france,association,1,1
84,academy | university,university,1,2
81,academy | museum,scientific organisation,1,2
1008,organization | study center,company or gov. agency,1,2
1007,organization | society,company or gov. agency,1,2
1006,organization | secret service,company or gov. agency,1,2
1004,organization | school | university,company or gov. agency,1,3
1002,organization | research institute,company or gov. agency,1,2
1001,organization | real property,company or gov. agency,1,2
1000,organization | q2955972,company or gov. agency,1,2
1012,organization | university in france,company or gov. agency,1,2
1010,organization | theatre company,company or gov. agency,1,2
327,catholic theological faculty | faculty | former entity,university,1,3
326,catholic theological faculty | faculty,university,1,2
323,catholic seminary | religious building,association,1,2
320,catholic school | gymnasium,educational institution,1,2
319,catholic school | educational institution,educational institution,1,2
318,catholic particular church sui iuris | eastern catholic churches,association,1,2
317,catholic organization,company or gov. agency,1,1
316,catholic order | hospitaller order | religious military order | subject of international law,association,1,4
315,catholic archdiocese,association,1,1
314,cathedral,association,1,1
313,catalonia institute | school building,research organisation,1,2
311,catalogue | library | literary archive | literary museum,other archive,1,4
95,altherrenverein | schülerverbindung | studentenverbindung,association,1,3
94,altherrenverein | schülerverbindung,association,1,2
1037,private not-for-profit educational institution,educational institution,1,1
1036,private educational institution in catalonia,educational institution,1,1
1035,primary school | school | secondary school,educational institution,1,3
1034,pressure group | private university | university of applied sciences,private university,1,3
1033,pressure group,association,1,1
1032,prefecture,association,1,1
1031,postcard publishing company | publishing company,association,1,2
1028,pontifical academy,learned society,1,1
1027,political party committee,association,1,1
1025,political movement,association,1,1
1024,photo agency,association,1,1
1021,patrimonial administration | public service,association,1,2
1018,paramilitary organization,company or gov. agency,1,1
1016,organization | établissement public,company or gov. agency,1,2
1015,organization | école normale supérieure,company or gov. agency,1,2
1014,organization | youth organisation | zionist youth movement,company or gov. agency,1,3
257,boarding school | high school | school,educational institution,1,3
304,campus university,university,1,1
1059,public educational institution of the united states | public research university | university campus,university,1,3
76,academy | former entity,learned society,1,2
73,academy school | secondary school,educational institution,1,2
72,academy school | girls' school | grammar school | secondary school,educational institution,1,4
71,academy school | boarding school | secondary school | upper school,educational institution,1,4
70,academy school | boarding school | secondary school,educational institution,1,3
69,academy school | boarding school | boys' school | grammar school | secondary school,educational institution,1,5
65,academy of sciences | organization,company or gov. agency,1,2
1056,public association,association,1,1
1055,public archive,other archive,1,1
1054,public administration of france | q2997700,association,1,2
1052,protestant faculty of theology,university,1,1
1045,private not-for-profit educational institution | women's college,educational institution,1,2
1042,private not-for-profit educational institution | research institute | school | university,university,1,4
1066,public educational institution of the united states | vocational school,educational institution,1,2
1063,public educational institution of the united states | public university | university | university building,public university,1,4
1062,public educational institution of the united states | public university | school,public university,1,3
272,broadcasting board,association,1,1
271,broadcaster | production company,association,1,2
270,broadcaster,association,1,1
269,brick and mortar | department store | enterprise | organization,company or gov. agency,1,4
268,botanical garden | region,association,1,2
267,botanical garden | national museum | natural history museum,scientific organisation,1,3
266,booster club | charitable corporation,company or gov. agency,1,2
265,book publisher,association,1,1
264,boarding school | university-preparatory school,university,1,2
263,boarding school | public school | secondary school,educational institution,1,3
262,boarding school | medical check-up,educational institution,1,2
261,boarding school | independent school | school building,educational institution,1,3
260,boarding school | independent school | school,educational institution,1,3
302,business | railway company,association,1,2
300,business | news agency,association,1,2
299,business | former entity | news agency | photo agency,association,1,4
298,business | camera manufacturer | enterprise | holding company | public company,association,1,5
297,business school | graduate school,educational institution,1,2
296,business school | educational institution | private university,private university,1,3
292,building | spanish regional parliament | unicameral legislature,association,1,3
291,building | school,educational institution,1,2
287,building | national archives | open-access publisher,national archive,1,3
285,building | major seminary,association,1,2
56,academy of sciences | learned society | national academy | open-access publisher,learned society,1,4
55,academy of sciences | language regulator,academy of sciences,1,2
54,academy of sciences | international organization,company or gov. agency,1,2
1069,public library | research library,research organisation,1,2
1068,public library,association,1,1
1067,public educational institution | university of applied sciences,university,1,2
1098,regional archive | state archives,state archive,1,2
1097,regional archive,other archive,1,1
1096,record label,association,1,1
1094,radio propaganda | radio station,association,1,2
1093,q61415303,association,1,1
1092,q56377753,association,1,1
1091,q4151355,association,1,1
1090,q2860567,association,1,1
1089,q15119463,association,1,1
1087,q125142912,association,1,1
1085,public university | university of excellence,public university,1,2
1077,public school | upper secondary school in norway,educational institution,1,2
1076,public school | secondary school | établissement public local d'enseignement,educational institution,1,3
1073,public research university | university in manitoba,university,1,2
57,academy of sciences | learned society | national academy | open-access publisher | organization | publishing company,company or gov. agency,1,6
303,cadet corps,association,1,1
1115,school | vocational school | wirtschaftsgymnasium,educational institution,1,3
1114,school | state university system,university,1,2
1112,school center,educational institution,1,1
1110,rural district of schleswig-holstein,association,1,1
1109,rural district of north rhine-westphalia,association,1,1
1108,rural district of baden-württemberg,association,1,1
1107,roman catholic metropolitan archdiocese,association,1,1
1106,resistance movement,association,1,1
43,academy of fine arts | czech research institution | publishing company | university building,university,1,4
42,academy of fine arts,learned society,1,1
40,academic publisher | publishing company | scientific society,scientific organisation,1,3
37,academic publisher | open-access publisher | public university | research institute,public university,1,4
33,academic publisher | honor society | learned society | organization,company or gov. agency,1,4
1103,research institute | transgender organization,company or gov. agency,1,2
1100,religious school | school,educational institution,1,2
1099,religious school,educational institution,1,1
10,academic institution | faculty of law,university,1,2
1173,zapovednik,association,1,1
1172,youth organisation,association,1,1
1171,written work,association,1,1
26,academic publisher | academy | public university,public university,1,3
23,academic library | open-access publisher,association,1,2
22,academic library | national library,association,1,2
21,academic library | library network | publishing company,association,1,3
19,academic library | library branch,association,1,2
18,academic library | library,association,1,2
1134,statutory corporation,company or gov. agency,1,1
1133,state university system,university,1,1
1130,state government,association,1,1
1126,state agency of the united states | state archives,state archive,1,2
1125,specialized library,association,1,1
1124,spanish association,association,1,1
1148,unibuc faculty,university,1,1
1147,type of educational institution | type of roman catholic institution,educational institution,1,2
1146,type of educational institution,educational institution,1,1
1145,training course,association,1,1
1144,technology park,association,1,1
1143,teacher training institute,research organisation,1,1
1140,swedish government agency,association,1,1
1139,supreme court | tribunal of the roman curia,association,1,2
1138,study center,association,1,1
28,academic publisher | catholic university | open-access publisher | private not-for-profit educational institution | private university,private university,1,5
1160,verwaltungshochschule,association,1,1
1157,university press,university,1,1
1153,university art museum,university,1,1
15,academic journal,association,1,1
12,academic institution | faculty | philosophy faculty,university,1,3
11,academic institution | faculty | higher education institution,university,1,3
